"Date","Price","Open","High","Low","Vol.","Change %"
"05/01/2023","330.17","329.16","331.84","328.57","2.47M","0.49%"
"04/28/2023","328.55","325.44","328.81","325.19","2.91M","0.71%"
"04/27/2023","326.23","322.86","326.91","322.11","2.95M","1.78%"
"04/26/2023","320.53","323.31","323.74","319.00","2.72M","-1.17%"
"04/25/2023","324.34","325.99","327.10","324.11","2.55M","-0.52%"
"04/24/2023","326.05","324.43","326.39","324.30","2.26M","0.53%"
"04/21/2023","324.33","322.36","324.85","321.61","2.41M","0.16%"
"04/20/2023","323.82","322.20","324.37","321.32","2.43M","0.23%"
"04/19/2023","323.09","323.85","324.55","322.76","2.41M","-0.47%"
"04/18/2023","324.63","324.95","325.72","322.49","3.58M","0.26%"
"04/17/2023","323.79","320.20","323.98","319.00","3.43M","1.27%"
"04/14/2023","319.74","318.89","321.88","318.12","2.98M","0.53%"
"04/13/2023","318.05","315.27","318.81","313.26","3.33M","1.11%"
"04/12/2023","314.55","315.97","316.92","313.72","2.66M","0.27%"
"04/11/2023","313.70","312.56","315.94","311.77","3.11M","0.35%"
"04/10/2023","312.62","311.41","313.70","310.33","2.33M","0.04%"
"04/06/2023","312.51","309.82","313.22","309.05","3.13M","0.68%"
"04/05/2023","310.39","307.85","311.07","307.85","2.31M","0.43%"
"04/04/2023","309.07","310.76","311.00","307.07","2.74M","-0.40%"
"04/03/2023","310.31","309.25","311.50","308.24","4.86M","0.50%"
"03/31/2023","308.77","305.90","308.81","304.99","5.02M","1.21%"
"03/30/2023","305.08","307.09","307.47","302.58","2.69M","-0.07%"
"03/29/2023","305.30","304.80","305.38","303.36","2.65M","0.99%"
"03/28/2023","302.32","301.93","302.72","300.59","2.44M","0.06%"
"03/27/2023","302.14","300.88","303.21","298.97","3.84M","1.08%"
"03/24/2023","298.92","294.68","299.50","293.39","3.91M","0.18%"
"03/23/2023","298.37","301.39","302.08","296.30","4.02M","-0.45%"
"03/22/2023","299.73","303.72","307.05","299.65","3.09M","-1.36%"
"03/21/2023","303.85","304.56","305.63","302.25","4.73M","0.93%"
"03/20/2023","301.06","295.57","301.51","295.06","6.06M","2.57%"
"03/17/2023","293.51","301.30","301.30","292.42","15.61M","-2.81%"
"03/16/2023","302.01","296.37","304.43","295.36","6.33M","1.39%"
"03/15/2023","297.88","300.02","300.55","294.90","7.17M","-2.44%"
"03/14/2023","305.33","306.92","307.55","301.68","5.26M","0.81%"
"03/13/2023","302.88","301.75","306.59","300.76","4.99M","-0.25%"
"03/10/2023","303.63","302.95","306.72","301.92","5.30M","-0.39%"
"03/09/2023","304.82","311.00","313.18","303.94","3.93M","-2.10%"
"03/08/2023","311.37","310.72","312.67","309.25","2.71M","0.08%"
"03/07/2023","311.12","316.39","316.50","310.23","3.61M","-1.85%"
"03/06/2023","316.97","312.82","317.29","312.43","4.89M","1.45%"
"03/03/2023","312.45","309.56","312.66","308.50","4.49M","1.53%"
"03/02/2023","307.75","303.66","308.10","301.45","3.15M","1.03%"
"03/01/2023","304.62","304.02","305.62","302.08","3.40M","-0.18%"
"02/28/2023","305.18","304.89","306.15","303.41","4.74M","0.17%"
"02/27/2023","304.66","304.37","305.78","302.01","3.65M","0.21%"
"02/24/2023","304.02","300.40","305.62","300.01","3.66M","0.31%"
"02/23/2023","303.07","305.01","305.56","300.25","2.74M","-0.03%"
"02/22/2023","303.16","303.20","305.27","301.77","2.90M","0.15%"
"02/21/2023","302.72","306.17","307.30","300.50","4.13M","-1.79%"
"02/17/2023","308.24","307.15","308.41","305.48","2.72M","0.02%"
"02/16/2023","308.18","307.58","310.20","306.87","2.80M","-0.47%"
"02/15/2023","309.63","309.98","310.37","308.28","2.41M","-0.37%"
"02/14/2023","310.79","313.78","314.10","309.04","2.91M","-0.94%"
"02/13/2023","313.74","310.30","313.74","309.62","3.26M","1.24%"
"02/10/2023","309.89","307.08","309.98","305.28","2.81M","0.87%"
"02/09/2023","307.21","310.17","311.42","306.99","3.46M","-0.41%"
"02/08/2023","308.48","311.12","313.41","308.01","3.37M","-1.43%"
"02/07/2023","312.97","307.30","314.15","306.63","3.79M","1.47%"
"02/06/2023","308.43","308.25","308.80","305.60","2.98M","-0.03%"
"02/03/2023","308.51","311.00","311.55","305.92","5.39M","-1.07%"
"02/02/2023","311.86","312.35","312.60","308.30","4.43M","0.42%"
"02/01/2023","310.57","309.63","312.67","306.38","3.52M","-0.30%"
"01/31/2023","311.52","307.74","311.86","305.79","3.66M","1.36%"
"01/30/2023","307.33","307.60","309.51","306.81","3.48M","-0.60%"
"01/27/2023","309.17","309.79","311.73","308.34","3.03M","-0.57%"
"01/26/2023","310.95","312.99","313.68","309.58","2.86M","-0.30%"
"01/25/2023","311.90","308.33","312.55","307.71","2.30M","0.19%"
"01/24/2023","311.30","309.30","312.83","307.50","2.23M","0.28%"
"01/23/2023","310.42","309.63","312.73","306.85","3.09M","0.18%"
"01/20/2023","309.87","305.21","310.01","304.36","3.77M","1.52%"
"01/19/2023","305.23","306.12","307.23","303.86","3.62M","-1.00%"
"01/18/2023","308.30","315.00","315.54","307.75","3.41M","-2.08%"
"01/17/2023","314.86","318.40","318.52","314.25","3.48M","-0.88%"
"01/13/2023","317.64","317.49","318.42","315.79","2.77M","-0.40%"
"01/12/2023","318.93","321.15","321.32","317.72","3.08M","-0.45%"
"01/11/2023","320.37","318.52","320.57","316.60","3.00M","1.27%"
"01/10/2023","316.35","315.00","316.80","313.34","3.05M","0.26%"
"01/09/2023","315.53","319.02","320.50","314.75","4.40M","-0.99%"
"01/06/2023","318.69","315.00","320.16","313.38","3.65M","1.85%"
"01/05/2023","312.90","313.57","314.23","310.00","3.42M","-0.52%"
"01/04/2023","314.55","312.00","316.89","311.25","5.12M","1.50%"
"01/03/2023","309.91","310.07","312.39","307.38","3.55M","0.33%"
"12/30/2022","308.90","306.95","309.04","305.62","3.30M","-0.05%"
"12/29/2022","309.06","305.94","309.38","305.23","2.85M","1.86%"
"12/28/2022","303.43","304.77","307.46","303.26","2.63M","-0.69%"
"12/27/2022","305.55","306.45","308.58","304.65","2.73M","-0.31%"
"12/23/2022","306.49","302.88","306.57","300.92","2.46M","1.26%"
"12/22/2022","302.69","306.10","306.50","297.64","3.56M","-1.67%"
"12/21/2022","307.82","304.38","308.54","304.16","3.27M","1.93%"
"12/20/2022","302.00","300.09","304.19","297.00","3.09M","0.66%"
"12/19/2022","300.03","300.51","301.48","297.15","3.84M","0.01%"
"12/16/2022","300.00","299.05","302.47","297.76","8.31M","-0.63%"
"12/15/2022","301.91","306.43","306.96","299.45","5.11M","-2.39%"
"12/14/2022","309.29","312.74","316.36","308.40","4.06M","-0.97%"
"12/13/2022","312.33","318.40","318.91","310.82","5.04M","0.28%"
"12/12/2022","311.45","307.55","311.91","305.46","4.37M","1.65%"
"12/09/2022","306.39","305.32","308.34","304.71","3.33M","0.13%"
"12/08/2022","305.99","306.00","307.49","305.09","2.35M","0.06%"
"12/07/2022","305.82","307.07","309.38","304.92","4.13M","-0.64%"
"12/06/2022","307.78","309.95","310.29","306.35","3.88M","-0.90%"
"12/05/2022","310.57","315.22","315.66","308.73","3.84M","-1.76%"
"12/02/2022","316.15","313.49","316.38","312.75","3.03M","0.10%"
"12/01/2022","315.84","319.00","319.56","313.30","4.35M","-0.87%"
"11/30/2022","318.60","315.13","318.60","308.70","7.92M","1.10%"
"11/29/2022","315.13","311.89","315.29","311.35","3.74M","0.59%"
"11/28/2022","313.27","316.25","317.64","312.33","4.23M","-1.31%"
"11/25/2022","317.43","317.52","319.12","316.18","1.84M","0.40%"
"11/23/2022","316.18","315.39","316.43","314.07","2.69M","0.13%"
"11/22/2022","315.76","313.00","316.55","312.05","3.17M","1.47%"
"11/21/2022","311.20","310.81","312.90","308.58","2.86M","0.14%"
"11/18/2022","310.76","310.55","311.20","308.61","3.40M","1.08%"
"11/17/2022","307.44","305.70","307.62","304.15","3.06M","-0.43%"
"11/16/2022","308.76","310.93","311.55","306.74","2.97M","-0.39%"
"11/15/2022","309.98","313.67","313.89","307.18","4.37M","0.35%"
"11/14/2022","308.91","310.00","311.84","308.84","4.64M","-0.26%"
"11/11/2022","309.72","305.56","311.33","302.60","6.57M","2.15%"
"11/10/2022","303.20","297.11","303.50","294.54","5.70M","5.04%"
"11/09/2022","288.65","291.98","292.40","288.06","2.76M","-1.35%"
"11/08/2022","292.61","291.11","294.74","289.01","3.56M","0.83%"
"11/07/2022","290.19","290.92","292.10","288.65","3.52M","0.95%"
"11/04/2022","287.47","286.77","289.20","282.38","3.71M","1.28%"
"11/03/2022","283.85","286.02","287.47","283.46","3.13M","-1.94%"
"11/02/2022","289.46","293.04","298.26","289.42","4.27M","-1.59%"
"11/01/2022","294.13","298.45","298.87","293.04","3.84M","-0.33%"
"10/31/2022","295.09","297.98","298.89","294.85","4.63M","-1.52%"
"10/28/2022","299.63","292.77","299.98","291.48","4.63M","3.36%"
"10/27/2022","289.88","290.31","294.00","288.85","4.28M","0.47%"
"10/26/2022","288.52","289.75","291.80","287.68","3.30M","-0.25%"
"10/25/2022","289.24","288.77","289.87","286.88","3.18M","0.61%"
"10/24/2022","287.48","284.10","289.34","283.99","3.86M","1.76%"
"10/21/2022","282.51","273.76","282.92","271.46","5.00M","3.28%"
"10/20/2022","273.53","278.07","279.44","273.00","3.92M","-1.73%"
"10/19/2022","278.34","280.33","282.38","276.97","3.22M","-1.18%"
"10/18/2022","281.67","282.74","283.36","279.25","4.29M","1.68%"
"10/17/2022","277.02","276.48","278.59","275.30","4.46M","1.60%"
"10/14/2022","272.67","277.59","279.22","271.97","4.29M","-1.13%"
"10/13/2022","275.78","260.58","276.78","259.85","5.49M","4.46%"
"10/12/2022","264.00","267.31","267.52","263.96","3.35M","-1.24%"
"10/11/2022","267.31","266.10","270.97","265.61","3.44M","0.14%"
"10/10/2022","266.93","269.89","270.21","265.86","3.11M","-0.78%"
"10/07/2022","269.04","274.44","274.49","267.48","4.27M","-2.63%"
"10/06/2022","276.31","278.20","279.85","275.90","3.40M","-1.09%"
"10/05/2022","279.36","276.87","280.88","275.84","3.35M","-0.40%"
"10/04/2022","280.49","277.42","281.30","276.60","4.64M","2.82%"
"10/03/2022","272.80","269.52","274.57","267.16","4.90M","2.16%"
"09/30/2022","267.02","269.21","272.94","266.60","6.06M","-0.95%"
"09/29/2022","269.58","269.89","272.17","265.59","5.21M","-0.81%"
"09/28/2022","271.78","265.65","273.60","264.91","5.94M","2.38%"
"09/27/2022","265.47","266.99","267.93","261.55","5.77M","0.44%"
"09/26/2022","264.32","265.82","267.84","263.37","4.93M","-1.29%"
"09/23/2022","267.77","266.01","268.14","264.24","5.18M","-0.28%"
"09/22/2022","268.51","271.03","271.50","268.27","4.12M","-0.82%"
"09/21/2022","270.74","278.90","278.92","270.72","3.96M","-2.31%"
"09/20/2022","277.13","277.17","278.04","274.61","3.28M","-0.65%"
"09/19/2022","278.95","272.79","279.13","272.72","3.29M","1.51%"
"09/16/2022","274.81","275.35","276.38","273.26","7.29M","-0.68%"
"09/15/2022","276.70","278.69","281.27","276.36","3.28M","-0.62%"
"09/14/2022","278.42","279.00","280.20","275.64","3.72M","0.05%"
"09/13/2022","278.29","283.99","285.14","277.50","4.59M","-3.54%"
"09/12/2022","288.51","286.70","289.24","286.03","3.41M","0.96%"
"09/09/2022","285.77","284.54","287.02","284.13","3.13M","0.86%"
"09/08/2022","283.34","278.58","283.40","277.29","3.54M","0.82%"
"09/07/2022","281.04","275.74","281.74","275.42","3.51M","1.61%"
"09/06/2022","276.59","278.01","279.49","275.36","4.36M","-0.39%"
"09/02/2022","277.67","284.84","285.42","276.36","3.80M","-1.69%"
"09/01/2022","282.43","279.95","282.68","277.31","3.77M","0.58%"
"08/31/2022","280.80","287.25","288.01","280.44","5.01M","-1.62%"
"08/30/2022","285.42","288.72","289.32","284.77","3.23M","-0.71%"
"08/29/2022","287.45","288.40","289.83","285.75","3.10M","-0.87%"
"08/26/2022","289.96","299.41","299.63","289.65","5.28M","-2.74%"
"08/25/2022","298.13","293.71","298.48","292.83","3.47M","1.57%"
"08/24/2022","293.52","290.00","294.00","289.46","3.27M","1.34%"
"08/23/2022","289.65","288.85","291.64","288.15","2.60M","0.33%"
"08/22/2022","288.69","294.00","294.47","287.86","4.72M","-2.89%"
"08/19/2022","297.28","302.95","303.22","296.81","4.62M","-2.30%"
"08/18/2022","304.27","304.44","304.57","301.55","2.78M","0.00%"
"08/17/2022","304.26","305.22","306.89","302.74","2.96M","-0.78%"
"08/16/2022","306.65","304.99","308.15","303.76","3.34M","1.26%"
"08/15/2022","302.82","298.64","303.76","297.40","2.93M","0.42%"
"08/12/2022","301.55","297.90","301.69","297.00","3.23M","1.71%"
"08/11/2022","296.47","298.00","299.06","296.12","3.15M","0.46%"
"08/10/2022","295.11","296.48","296.93","294.10","3.71M","0.80%"
"08/09/2022","292.77","293.35","297.57","291.93","3.87M","0.15%"
"08/08/2022","292.34","294.87","299.33","292.27","3.97M","0.09%"
"08/05/2022","292.07","291.87","294.10","290.42","3.40M","-0.29%"
"08/04/2022","292.91","294.73","295.98","292.62","3.95M","-0.70%"
"08/03/2022","294.96","295.05","295.88","291.10","4.06M","0.95%"
"08/02/2022","292.17","294.87","295.53","291.92","3.17M","-1.25%"
"08/01/2022","295.86","299.70","299.70","294.83","4.20M","-1.58%"
"07/29/2022","300.60","297.42","302.40","295.43","6.98M","2.28%"
"07/28/2022","293.90","291.18","294.03","286.77","3.99M","1.24%"
"07/27/2022","290.30","287.67","291.56","285.70","3.62M","1.75%"
"07/26/2022","285.31","287.79","288.71","284.65","2.51M","-0.93%"
"07/25/2022","287.99","287.21","289.07","285.15","3.14M","0.72%"
"07/22/2022","285.93","288.10","289.40","283.61","2.88M","-0.32%"
"07/21/2022","286.85","287.00","287.24","282.09","3.70M","0.28%"
"07/20/2022","286.04","284.64","286.44","283.90","3.88M","0.88%"
"07/19/2022","283.55","279.00","284.08","278.17","3.59M","2.64%"
"07/18/2022","276.26","281.50","281.50","275.21","3.27M","-0.80%"
"07/15/2022","278.48","277.53","280.00","276.06","4.55M","1.48%"
"07/14/2022","274.41","273.00","275.35","271.20","3.89M","-1.10%"
"07/13/2022","277.47","275.37","280.09","274.45","4.20M","0.07%"
"07/12/2022","277.28","277.57","282.18","276.65","3.03M","-0.44%"
"07/11/2022","278.51","279.38","281.46","277.87","2.87M","-0.83%"
"07/08/2022","280.83","279.79","282.61","279.25","2.99M","0.55%"
"07/07/2022","279.28","277.50","279.59","277.10","3.95M","1.32%"
"07/06/2022","275.65","274.84","277.51","272.87","3.03M","-0.01%"
"07/05/2022","275.69","274.20","275.86","271.39","3.68M","-0.65%"
"07/01/2022","277.50","272.50","278.40","271.63","3.67M","1.64%"
"06/30/2022","273.02","270.51","274.92","268.68","4.63M","-0.17%"
"06/29/2022","273.49","274.95","275.94","272.97","3.01M","-0.14%"
"06/28/2022","273.86","280.51","282.45","273.68","4.02M","-1.63%"
"06/27/2022","278.40","280.53","282.03","277.61","4.14M","0.04%"
"06/24/2022","278.28","268.97","279.67","268.57","6.45M","4.02%"
"06/23/2022","267.52","269.85","270.71","263.68","4.73M","-0.84%"
"06/22/2022","269.79","267.38","273.39","267.38","4.23M","-0.73%"
"06/21/2022","271.77","273.85","273.98","270.34","4.91M","1.38%"
"06/17/2022","268.08","268.39","270.50","265.68","11.62M","-0.18%"
"06/16/2022","268.56","273.39","273.40","266.88","7.21M","-3.72%"
"06/15/2022","278.93","281.16","282.50","273.87","5.83M","0.46%"
"06/14/2022","277.64","282.09","283.96","276.10","5.85M","-1.39%"
"06/13/2022","281.56","285.43","287.43","280.10","7.12M","-3.48%"
"06/10/2022","291.71","296.08","298.00","291.61","5.88M","-3.02%"
"06/09/2022","300.80","308.10","308.38","300.57","3.22M","-2.57%"
"06/08/2022","308.74","312.16","312.80","307.93","2.88M","-1.57%"
"06/07/2022","313.65","310.58","313.79","309.39","2.55M","0.48%"
"06/06/2022","312.15","313.38","315.78","311.48","2.98M","0.39%"
"06/03/2022","310.94","312.50","313.80","310.40","2.59M","-1.27%"
"06/02/2022","314.95","312.65","315.09","308.61","3.12M","0.88%"
"06/01/2022","312.21","316.00","316.79","309.61","3.80M","-1.19%"
"05/31/2022","315.98","318.98","318.98","314.80","5.70M","-0.98%"
"05/27/2022","319.11","314.73","319.24","314.15","4.28M","2.12%"
"05/26/2022","312.50","311.27","314.39","310.98","4.47M","1.25%"
"05/25/2022","308.64","308.59","310.99","305.92","3.71M","-0.17%"
"05/24/2022","309.17","309.39","310.31","303.75","3.66M","-0.33%"
"05/23/2022","310.20","307.38","312.44","306.62","4.15M","2.02%"
"05/20/2022","304.05","307.05","307.46","298.11","5.52M","-0.03%"
"05/19/2022","304.15","303.93","306.31","301.21","4.74M","-0.81%"
"05/18/2022","306.64","312.94","314.17","305.57","4.43M","-2.53%"
"05/17/2022","314.60","315.21","315.44","312.10","4.16M","1.72%"
"05/16/2022","309.29","310.28","311.95","307.13","3.70M","-0.34%"
"05/13/2022","310.36","311.25","312.47","307.90","3.77M","0.75%"
"05/12/2022","308.06","307.95","309.07","302.55","5.68M","-1.12%"
"05/11/2022","311.54","313.17","317.55","311.01","4.26M","-0.32%"
"05/10/2022","312.53","315.96","318.11","310.24","4.80M","-0.14%"
"05/09/2022","312.96","315.35","316.92","311.56","4.88M","-1.86%"
"05/06/2022","318.88","317.99","320.37","314.19","4.20M","0.06%"
"05/05/2022","318.68","325.85","325.85","315.16","5.27M","-2.48%"
"05/04/2022","326.80","319.10","327.28","318.00","4.27M","2.45%"
"05/03/2022","318.99","319.42","323.58","317.67","3.88M","0.25%"
"05/02/2022","318.19","324.11","324.37","311.74","6.80M","-1.44%"
"04/29/2022","322.83","330.19","330.64","320.50","5.69M","-2.55%"
"04/28/2022","331.27","331.53","332.06","327.83","3.85M","0.51%"
"04/27/2022","329.58","330.60","333.14","328.43","3.73M","-0.32%"
"04/26/2022","330.65","333.53","337.39","330.36","4.60M","-1.87%"
"04/25/2022","336.95","332.30","337.85","328.53","5.98M","0.41%"
"04/22/2022","335.56","342.94","343.21","335.11","4.97M","-2.34%"
"04/21/2022","343.60","350.86","350.86","342.96","4.03M","-1.50%"
"04/20/2022","348.82","350.00","350.59","347.70","3.71M","0.09%"
"04/19/2022","348.50","347.00","349.13","345.85","3.39M","0.53%"
"04/18/2022","346.65","344.45","347.19","343.58","2.52M","0.67%"
"04/14/2022","344.33","346.16","347.56","344.14","3.29M","-0.55%"
"04/13/2022","346.22","349.46","350.72","345.24","3.44M","-1.01%"
"04/12/2022","349.74","352.26","354.00","348.39","3.55M","-0.65%"
"04/11/2022","352.02","352.98","354.33","349.34","3.13M","-0.31%"
"04/08/2022","353.10","348.93","353.85","347.73","4.50M","1.90%"
"04/07/2022","346.51","346.22","347.67","342.40","3.82M","0.52%"
"04/06/2022","344.71","341.17","346.97","340.55","4.55M","-0.03%"
"04/05/2022","344.80","345.77","349.44","344.28","4.25M","-0.18%"
"04/04/2022","345.43","352.00","352.23","344.31","5.11M","-1.83%"
"04/01/2022","351.88","353.65","354.58","349.02","4.13M","-0.29%"
"03/31/2022","352.91","359.00","360.00","352.32","6.07M","-1.31%"
"03/30/2022","357.61","354.66","357.85","351.84","3.91M","0.70%"
"03/29/2022","355.12","361.39","362.10","352.55","5.01M","-1.24%"
"03/28/2022","359.57","360.59","361.38","355.53","4.18M","0.23%"
"03/25/2022","358.76","353.90","359.01","353.60","4.59M","1.81%"
"03/24/2022","352.37","351.50","352.57","349.13","3.95M","1.21%"
"03/23/2022","348.16","349.13","350.79","346.25","5.64M","-0.51%"
"03/22/2022","349.93","351.01","354.95","348.90","5.77M","0.08%"
"03/21/2022","349.66","344.99","351.21","344.30","6.31M","2.12%"
"03/18/2022","342.41","344.12","346.87","339.27","8.90M","-0.74%"
"03/17/2022","344.97","337.00","345.13","336.20","7.23M","2.64%"
"03/16/2022","336.11","335.11","337.34","331.71","5.93M","1.07%"
"03/15/2022","332.55","332.70","334.58","329.38","6.93M","0.78%"
"03/14/2022","329.98","328.65","333.48","327.65","5.97M","1.03%"
"03/11/2022","326.60","326.53","331.49","326.23","5.14M","0.40%"
"03/10/2022","325.30","322.49","325.70","321.58","3.85M","-0.03%"
"03/09/2022","325.40","326.59","327.47","322.58","5.88M","2.16%"
"03/08/2022","318.52","325.30","327.29","318.03","7.91M","-1.30%"
"03/07/2022","322.72","325.68","326.44","320.35","5.88M","-0.81%"
"03/04/2022","325.34","322.66","325.61","320.12","4.91M","-0.73%"
"03/03/2022","327.74","326.63","329.47","323.89","4.60M","1.27%"
"03/02/2022","323.64","319.48","325.75","318.12","4.51M","2.15%"
"03/01/2022","316.84","320.26","321.20","313.59","6.44M","-1.43%"
"02/28/2022","321.45","317.35","322.00","315.19","7.99M","0.69%"
"02/25/2022","319.24","311.16","321.43","310.78","7.49M","3.56%"
"02/24/2022","308.28","301.78","308.81","299.51","8.84M","-0.55%"
"02/23/2022","309.99","316.08","316.80","309.38","5.03M","-1.33%"
"02/22/2022","314.16","313.44","315.43","310.55","5.11M","-0.20%"
"02/18/2022","314.80","313.83","315.68","313.08","4.23M","0.40%"
"02/17/2022","313.55","314.98","315.44","312.30","3.63M","-0.67%"
"02/16/2022","315.65","315.00","316.90","314.28","3.98M","-0.17%"
"02/15/2022","316.20","316.64","317.94","314.69","3.68M","0.61%"
"02/14/2022","314.28","319.61","320.43","312.17","8.13M","-1.52%"
"02/11/2022","319.14","320.01","323.12","317.74","7.50M","-0.22%"
"02/10/2022","319.85","320.99","322.46","318.48","7.08M","-0.78%"
"02/09/2022","322.38","323.80","325.63","321.54","4.00M","0.29%"
"02/08/2022","321.44","318.27","322.65","316.00","6.24M","1.56%"
"02/07/2022","316.51","314.91","318.22","312.06","3.13M","0.48%"
"02/04/2022","314.99","315.87","317.84","312.70","3.66M","-0.08%"
"02/03/2022","315.23","319.33","319.65","314.61","4.15M","-1.37%"
"02/02/2022","319.60","313.57","320.16","313.00","4.63M","1.80%"
"02/01/2022","313.96","312.64","314.60","310.31","4.35M","0.30%"
"01/31/2022","313.02","312.00","313.30","307.84","5.24M","0.04%"
"01/28/2022","312.90","307.68","313.29","304.07","5.24M","1.70%"
"01/27/2022","307.67","311.70","315.92","305.31","5.06M","-0.51%"
"01/26/2022","309.26","310.40","313.33","306.57","6.13M","0.67%"
"01/25/2022","307.19","301.87","309.13","294.81","6.44M","1.14%"
"01/24/2022","303.73","299.70","304.73","296.08","8.53M","-0.49%"
"01/21/2022","305.22","309.99","311.02","304.14","6.54M","-1.86%"
"01/20/2022","311.01","315.58","317.18","310.68","4.41M","-1.19%"
"01/19/2022","314.75","321.35","321.35","314.58","6.09M","-1.73%"
"01/18/2022","320.29","322.22","323.29","318.07","5.77M","-1.18%"
"01/14/2022","324.13","318.87","324.40","316.50","4.92M","0.89%"
"01/13/2022","321.26","321.00","323.47","320.10","4.28M","0.27%"
"01/12/2022","320.39","320.62","321.05","317.26","3.58M","0.18%"
"01/11/2022","319.80","318.61","320.00","315.04","4.25M","0.27%"
"01/10/2022","318.93","321.40","322.10","315.12","5.81M","-0.27%"
"01/07/2022","319.78","315.56","320.20","314.14","5.62M","2.09%"
"01/06/2022","313.22","312.98","314.11","310.22","5.14M","1.06%"
"01/05/2022","309.92","309.87","314.48","309.50","6.89M","0.45%"
"01/04/2022","308.53","301.65","309.21","301.65","6.01M","2.57%"
"01/03/2022","300.79","300.10","301.30","299.20","3.57M","0.60%"
"12/31/2021","299.00","299.94","300.69","298.84","2.93M","-0.33%"
"12/30/2021","299.98","300.88","301.65","299.74","2.30M","0.17%"
"12/29/2021","299.46","299.23","300.65","298.86","2.69M","0.39%"
"12/28/2021","298.29","296.96","299.79","296.80","2.58M","0.55%"
"12/27/2021","296.67","295.25","296.69","294.46","2.81M","0.74%"
"12/23/2021","294.49","295.22","296.78","294.21","2.90M","0.03%"
"12/22/2021","294.41","292.86","294.57","291.74","2.45M","0.40%"
"12/21/2021","293.24","292.14","295.41","291.50","3.93M","1.25%"
"12/20/2021","289.61","290.77","291.58","287.59","5.46M","-1.38%"
"12/17/2021","293.66","297.85","298.00","292.35","12.77M","-2.17%"
"12/16/2021","300.17","296.88","301.58","295.10","6.54M","1.90%"
"12/15/2021","294.58","295.82","296.50","292.81","5.60M","-0.15%"
"12/14/2021","295.03","289.67","296.41","289.67","5.99M","1.73%"
"12/13/2021","290.01","288.50","291.58","285.84","4.89M","0.62%"
"12/10/2021","288.23","285.49","288.50","284.23","4.11M","1.30%"
"12/09/2021","284.52","283.77","284.95","281.78","3.45M","0.28%"
"12/08/2021","283.72","284.97","285.97","282.28","3.26M","-0.44%"
"12/07/2021","284.97","282.42","285.41","282.12","5.77M","1.28%"
"12/06/2021","281.38","278.73","283.17","278.73","5.53M","1.42%"
"12/03/2021","277.43","278.71","279.97","275.27","5.93M","-0.59%"
"12/02/2021","279.09","276.68","280.37","275.29","4.93M","1.49%"
"12/01/2021","275.00","279.54","281.72","274.79","5.17M","-0.61%"
"11/30/2021","276.69","279.94","280.20","275.89","9.93M","-1.92%"
"11/29/2021","282.12","284.00","284.98","281.42","5.39M","-0.34%"
"11/26/2021","283.09","280.28","284.71","279.76","4.44M","-1.46%"
"11/24/2021","287.28","287.44","288.32","286.09","4.92M","-0.44%"
"11/23/2021","288.56","285.15","288.73","285.05","4.49M","1.26%"
"11/22/2021","284.97","280.73","286.44","280.01","5.04M","1.78%"
"11/19/2021","279.99","280.96","280.97","278.01","4.54M","-0.23%"
"11/18/2021","280.63","281.10","281.75","279.25","3.34M","-0.34%"
"11/17/2021","281.59","283.12","283.12","280.90","3.74M","-0.62%"
"11/16/2021","283.36","284.47","285.16","283.12","4.26M","-0.46%"
"11/15/2021","284.67","286.60","286.99","284.24","3.22M","-0.46%"
"11/12/2021","285.99","284.88","286.10","283.80","2.92M","0.47%"
"11/11/2021","284.65","286.50","287.07","284.24","2.86M","-0.23%"
"11/10/2021","285.32","286.49","287.24","284.52","3.42M","-0.36%"
"11/09/2021","286.35","288.79","288.99","285.30","3.59M","-0.85%"
"11/08/2021","288.80","290.00","295.65","288.61","4.72M","0.32%"
"11/05/2021","287.88","288.83","290.70","286.82","3.58M","0.07%"
"11/04/2021","287.69","289.13","289.13","285.25","3.43M","-0.36%"
"11/03/2021","288.72","287.21","288.88","286.13","2.78M","0.27%"
"11/02/2021","287.93","286.61","288.50","285.22","3.84M","0.59%"
"11/01/2021","286.24","288.05","288.42","285.62","2.89M","-0.27%"
"10/29/2021","287.01","288.81","290.00","286.74","4.42M","-0.94%"
"10/28/2021","289.72","288.21","289.86","287.20","3.31M","0.67%"
"10/27/2021","287.78","290.85","290.95","287.64","3.69M","-1.06%"
"10/26/2021","290.85","290.65","292.22","290.30","3.88M","0.20%"
"10/25/2021","290.26","289.70","290.47","287.60","3.14M","0.35%"
"10/22/2021","289.24","287.66","289.80","286.24","3.41M","0.84%"
"10/21/2021","286.82","286.99","287.28","285.25","2.49M","-0.23%"
"10/20/2021","287.49","284.34","287.70","284.32","3.15M","0.93%"
"10/19/2021","284.83","283.60","285.15","283.05","2.69M","0.79%"
"10/18/2021","282.59","282.83","283.51","281.57","3.55M","-0.57%"
"10/15/2021","284.21","283.94","284.97","282.27","4.32M","0.91%"
"10/14/2021","281.64","280.81","282.38","279.30","3.65M","1.35%"
"10/13/2021","277.90","278.47","279.41","275.55","3.31M","-0.26%"
"10/12/2021","278.62","281.46","281.52","278.21","3.77M","-0.82%"
"10/11/2021","280.93","284.43","285.61","280.80","2.91M","-1.13%"
"10/08/2021","284.14","282.59","284.72","281.71","2.30M","0.42%"
"10/07/2021","282.95","282.14","284.99","282.14","3.80M","0.97%"
"10/06/2021","280.22","276.28","280.39","274.61","3.87M","0.78%"
"10/05/2021","278.05","273.86","279.67","273.20","5.07M","1.61%"
"10/04/2021","273.64","274.68","276.96","273.05","4.31M","-0.75%"
"10/01/2021","275.71","273.02","277.51","272.22","3.95M","1.01%"
"09/30/2021","272.94","278.37","278.37","272.84","5.19M","-1.57%"
"09/29/2021","277.29","277.03","278.78","275.95","2.95M","0.18%"
"09/28/2021","276.79","279.14","281.38","275.82","4.96M","-1.05%"
"09/27/2021","279.72","279.77","280.63","278.12","3.36M","0.67%"
"09/24/2021","277.87","278.30","279.13","277.41","3.11M","-0.09%"
"09/23/2021","278.12","275.15","279.70","275.01","4.73M","1.48%"
"09/22/2021","274.07","276.28","276.61","273.67","5.02M","0.33%"
"09/21/2021","273.18","276.03","276.22","272.59","4.65M","-0.37%"
"09/20/2021","274.20","273.05","274.91","271.36","7.65M","-0.92%"
"09/17/2021","276.76","277.64","281.00","275.42","15.86M","-0.27%"
"09/16/2021","277.51","278.96","279.21","276.21","4.21M","-0.24%"
"09/15/2021","278.18","277.60","279.06","276.67","3.88M","0.35%"
"09/14/2021","277.20","280.54","280.78","276.36","5.28M","-0.97%"
"09/13/2021","279.92","278.36","280.84","277.82","4.60M","0.84%"
"09/10/2021","277.60","279.97","279.97","277.49","4.55M","-0.36%"
"09/09/2021","278.61","278.91","280.11","278.37","3.68M","-0.26%"
"09/08/2021","279.34","278.18","279.95","277.59","4.65M","0.16%"
"09/07/2021","278.90","281.91","281.91","278.73","4.87M","-1.06%"
"09/03/2021","281.89","284.30","284.82","281.71","4.50M","-1.11%"
"09/02/2021","285.05","285.35","286.44","284.21","3.97M","-0.07%"
"09/01/2021","285.26","286.59","287.14","284.85","3.33M","-0.18%"
"08/31/2021","285.77","285.28","286.33","284.76","6.50M","0.04%"
"08/30/2021","285.66","286.30","287.04","285.02","3.51M","-0.33%"
"08/27/2021","286.60","285.62","286.71","285.12","3.49M","0.47%"
"08/26/2021","285.27","288.16","288.17","284.98","3.34M","-0.71%"
"08/25/2021","287.30","286.20","288.56","285.22","2.98M","0.45%"
"08/24/2021","286.02","286.01","286.58","284.18","3.19M","0.14%"
"08/23/2021","285.62","287.38","287.38","285.39","2.96M","0.12%"
"08/20/2021","285.27","284.96","285.92","283.95","2.85M","0.05%"
"08/19/2021","285.13","284.96","287.15","283.98","3.39M","-0.43%"
"08/18/2021","286.36","289.00","290.07","285.95","3.88M","-0.95%"
"08/17/2021","289.10","288.53","290.77","287.60","3.63M","-0.12%"
"08/16/2021","289.45","287.00","289.49","285.21","3.56M","0.54%"
"08/13/2021","287.89","290.61","291.05","287.12","3.12M","-0.81%"
"08/12/2021","290.24","291.81","291.81","288.93","3.17M","-0.36%"
"08/11/2021","291.28","289.45","291.82","288.83","3.48M","0.81%"
"08/10/2021","288.94","287.01","289.06","286.00","3.13M","0.60%"
"08/09/2021","287.23","287.86","288.73","286.06","3.68M","0.56%"
"08/06/2021","285.63","281.82","285.83","281.50","4.84M","1.93%"
"08/05/2021","280.21","280.16","282.00","278.33","3.59M","0.51%"
"08/04/2021","278.78","280.17","280.92","278.64","3.03M","-1.07%"
"08/03/2021","281.80","279.05","282.51","276.77","3.63M","1.32%"
"08/02/2021","278.14","279.31","281.98","277.73","3.10M","-0.05%"
"07/30/2021","278.29","280.01","281.08","277.60","3.61M","-0.53%"
"07/29/2021","279.76","279.29","281.24","279.08","3.55M","0.60%"
"07/28/2021","278.10","280.80","280.98","277.60","3.80M","-0.95%"
"07/27/2021","280.78","278.07","281.09","276.91","3.39M","0.71%"
"07/26/2021","278.80","277.78","280.25","277.78","2.42M","0.11%"
"07/23/2021","278.49","279.05","279.92","277.74","3.22M","0.28%"
"07/22/2021","277.70","278.59","279.27","277.42","2.57M","-0.78%"
"07/21/2021","279.88","277.64","280.92","277.63","3.44M","1.08%"
"07/20/2021","276.89","272.66","277.80","272.00","4.74M","1.55%"
"07/19/2021","272.66","274.21","275.50","270.73","5.24M","-1.89%"
"07/16/2021","277.90","280.93","280.93","277.22","3.44M","-0.65%"
"07/15/2021","279.72","277.13","280.64","277.09","3.28M","0.51%"
"07/14/2021","278.31","279.07","280.76","277.77","4.11M","-0.32%"
"07/13/2021","279.21","280.11","280.41","278.36","3.14M","-0.32%"
"07/12/2021","280.11","279.05","282.22","278.27","4.28M","-0.14%"
"07/09/2021","280.49","276.03","280.88","275.74","4.90M","2.33%"
"07/08/2021","274.10","276.99","277.74","273.16","5.37M","-1.84%"
"07/07/2021","279.24","275.99","279.69","275.80","4.41M","0.69%"
"07/06/2021","277.32","278.28","278.28","275.10","4.40M","-0.64%"
"07/02/2021","279.12","281.41","281.41","278.57","3.68M","-0.37%"
"07/01/2021","280.17","278.20","280.30","277.55","3.65M","0.81%"
"06/30/2021","277.92","275.89","278.44","275.66","4.48M","0.62%"
"06/29/2021","276.21","276.69","277.98","275.24","4.47M","-0.14%"
"06/28/2021","276.61","278.82","279.06","275.60","4.03M","-0.64%"
"06/25/2021","278.38","276.37","279.31","275.35","5.58M","1.05%"
"06/24/2021","275.49","275.00","276.58","274.05","5.46M","0.30%"
"06/23/2021","274.66","276.89","277.00","274.55","4.54M","-0.82%"
"06/22/2021","276.92","277.57","277.71","275.93","5.23M","-0.06%"
"06/21/2021","277.10","275.62","278.85","275.43","5.49M","1.12%"
"06/18/2021","274.04","276.50","276.98","272.45","12.57M","-1.67%"
"06/17/2021","278.69","284.29","284.50","277.56","7.14M","-1.56%"
"06/16/2021","283.11","283.73","284.80","281.08","5.63M","-0.29%"
"06/15/2021","283.94","284.46","284.96","282.65","3.76M","0.14%"
"06/14/2021","283.53","286.66","286.85","281.52","6.10M","-1.15%"
"06/11/2021","286.82","285.45","287.36","285.02","3.52M","0.67%"
"06/10/2021","284.91","289.88","290.81","284.68","4.04M","-1.27%"
"06/09/2021","288.58","288.88","289.09","287.05","3.50M","-0.21%"
"06/08/2021","289.19","289.18","289.90","285.70","5.04M","-0.09%"
"06/07/2021","289.46","292.56","292.58","288.84","4.44M","-1.05%"
"06/04/2021","292.52","292.91","293.08","291.45","3.27M","0.19%"
"06/03/2021","291.97","288.36","293.27","288.28","4.10M","0.67%"
"06/02/2021","290.02","290.85","290.90","289.22","3.52M","0.06%"
"06/01/2021","289.84","291.52","292.07","288.81","3.34M","0.14%"
"05/28/2021","289.44","289.68","290.46","288.23","4.52M","0.05%"
"05/27/2021","289.30","288.57","289.99","286.57","6.61M","0.69%"
"05/26/2021","287.33","289.64","289.64","285.75","4.76M","0.05%"
"05/25/2021","287.20","290.19","291.60","287.11","4.75M","-0.87%"
"05/24/2021","289.73","289.11","290.41","287.91","3.95M","0.69%"
"05/21/2021","287.74","287.12","289.35","286.75","4.23M","0.35%"
"05/20/2021","286.73","288.41","289.14","285.90","4.14M","0.18%"
"05/19/2021","286.22","284.11","286.56","282.57","5.27M","-0.48%"
"05/18/2021","287.59","290.20","290.31","287.24","4.36M","-0.56%"
"05/17/2021","289.22","289.99","290.47","288.07","3.89M","-0.50%"
"05/14/2021","290.68","288.67","291.38","288.67","4.26M","1.32%"
"05/13/2021","286.90","282.91","288.37","282.85","5.25M","1.41%"
"05/12/2021","282.91","285.46","286.12","282.55","5.31M","-0.95%"
"05/11/2021","285.63","289.84","290.51","284.29","6.81M","-2.29%"
"05/10/2021","292.33","292.35","295.08","292.07","4.54M","0.48%"
"05/07/2021","290.93","289.97","291.07","287.77","6.10M","0.42%"
"05/06/2021","289.71","284.69","290.00","284.05","5.97M","2.46%"
"05/05/2021","282.76","282.52","284.24","282.12","4.35M","0.89%"
"05/04/2021","280.26","278.54","280.80","276.78","4.47M","0.39%"
"05/03/2021","279.18","278.55","281.12","277.67","5.19M","1.54%"
"04/30/2021","274.95","276.29","277.41","274.21","5.21M","-0.95%"
"04/29/2021","277.60","274.47","277.79","274.35","4.54M","1.70%"
"04/28/2021","272.95","273.54","273.96","272.13","3.18M","-0.26%"
"04/27/2021","273.65","271.07","274.16","270.05","3.18M","1.03%"
"04/26/2021","270.86","272.28","273.98","270.63","3.58M","-0.41%"
"04/23/2021","271.98","269.86","272.69","269.56","3.68M","0.92%"
"04/22/2021","269.51","272.04","272.08","268.78","3.73M","-0.99%"
"04/21/2021","272.21","267.80","272.46","267.75","3.90M","1.61%"
"04/20/2021","267.89","268.53","269.31","266.80","3.74M","-0.88%"
"04/19/2021","270.28","272.30","272.92","268.85","4.24M","-0.67%"
"04/16/2021","272.11","270.47","272.97","270.11","4.71M","1.10%"
"04/15/2021","269.14","268.06","269.28","266.39","3.92M","0.60%"
"04/14/2021","267.53","267.31","268.44","267.15","3.12M","0.16%"
"04/13/2021","267.10","267.42","268.20","266.05","3.56M","-0.31%"
"04/12/2021","267.93","266.53","268.34","266.53","4.29M","0.72%"
"04/09/2021","266.01","264.22","266.24","263.35","6.05M","0.95%"
"04/08/2021","263.51","262.72","263.93","261.91","3.11M","-0.04%"
"04/07/2021","263.62","262.99","264.34","262.40","3.59M","0.21%"
"04/06/2021","263.06","262.86","263.34","261.94","3.07M","0.15%"
"04/05/2021","262.66","260.02","263.35","260.00","5.05M","1.73%"
"04/01/2021","258.20","255.74","258.47","254.80","5.57M","1.07%"
"03/31/2021","255.47","256.86","257.68","255.17","6.58M","-1.05%"
"03/30/2021","258.19","259.94","261.00","257.24","3.88M","-0.24%"
"03/29/2021","258.82","253.93","260.05","253.30","6.64M","0.80%"
"03/26/2021","256.77","252.75","257.39","252.42","5.80M","2.40%"
"03/25/2021","250.75","249.38","251.53","246.79","5.51M","0.45%"
"03/24/2021","249.63","249.55","251.89","248.50","4.17M","0.53%"
"03/23/2021","248.31","250.20","251.17","247.71","4.62M","-0.82%"
"03/22/2021","250.36","250.60","251.67","248.86","5.37M","-0.25%"
"03/19/2021","250.99","252.31","252.50","248.52","16.65M","-0.58%"
"03/18/2021","252.46","253.76","255.64","251.38","5.56M","0.18%"
"03/17/2021","252.00","252.02","254.28","250.66","6.78M","0.20%"
"03/16/2021","251.50","254.53","254.53","249.82","6.72M","-1.22%"
"03/15/2021","254.61","260.31","260.44","253.52","6.98M","-2.08%"
"03/12/2021","260.02","262.40","264.65","259.67","4.50M","-0.34%"
"03/11/2021","260.91","264.22","264.80","260.42","5.92M","-1.17%"
"03/10/2021","263.99","260.30","267.50","259.64","8.95M","1.92%"
"03/09/2021","259.02","258.55","262.94","255.61","8.28M","0.55%"
"03/08/2021","257.61","255.60","260.23","253.73","7.14M","1.76%"
"03/05/2021","253.15","248.89","253.45","247.32","6.40M","3.12%"
"03/04/2021","245.48","251.08","252.55","243.23","7.84M","-2.41%"
"03/03/2021","251.55","249.73","254.81","249.29","6.09M","0.93%"
"03/02/2021","249.22","249.12","251.34","248.37","4.69M","0.00%"
"03/01/2021","249.21","246.86","250.55","246.09","6.33M","3.62%"
"02/26/2021","240.51","245.15","245.15","240.25","8.09M","-1.30%"
"02/25/2021","243.69","248.07","250.56","242.93","6.46M","-1.92%"
"02/24/2021","248.45","245.15","249.55","245.15","5.11M","1.19%"
"02/23/2021","245.53","245.56","246.57","243.29","5.46M","0.23%"
"02/22/2021","244.97","240.89","245.98","240.80","4.01M","1.29%"
"02/19/2021","241.85","244.20","244.95","241.36","4.25M","-0.68%"
"02/18/2021","243.50","244.73","245.49","241.67","4.05M","-0.71%"
"02/17/2021","245.25","244.14","246.19","244.00","4.32M","-0.01%"
"02/16/2021","245.28","244.14","247.26","242.82","4.73M","1.16%"
"02/12/2021","242.46","238.07","242.76","238.03","3.42M","1.13%"
"02/11/2021","239.76","239.36","240.44","238.88","2.91M","-0.07%"
"02/10/2021","239.92","241.43","241.52","239.04","3.83M","0.00%"
"02/09/2021","239.91","237.07","240.78","235.66","4.77M","1.05%"
"02/08/2021","237.42","236.00","237.56","235.35","3.33M","0.96%"
"02/05/2021","235.16","236.98","236.98","234.83","3.81M","-0.26%"
"02/04/2021","235.77","232.84","235.90","232.41","4.45M","1.33%"
"02/03/2021","232.68","232.40","233.16","231.28","3.81M","0.19%"
"02/02/2021","232.24","231.21","233.43","230.66","5.30M","1.27%"
"02/01/2021","229.32","229.97","230.50","228.04","4.07M","0.64%"
"01/29/2021","227.87","229.45","229.97","227.21","6.39M","-1.33%"
"01/28/2021","230.95","229.76","233.51","228.16","5.94M","1.58%"
"01/27/2021","227.36","230.00","230.00","226.10","8.23M","-1.82%"
"01/26/2021","231.57","233.00","233.50","231.33","3.95M","-0.62%"
"01/25/2021","233.01","231.67","233.52","230.45","5.10M","0.04%"
"01/22/2021","232.92","232.50","233.83","232.21","4.47M","-0.53%"
"01/21/2021","234.16","235.22","236.20","234.08","4.32M","-0.26%"
"01/20/2021","234.76","234.00","235.20","233.24","4.88M","0.09%"
"01/19/2021","234.55","234.64","236.24","231.70","5.50M","0.45%"
"01/15/2021","233.49","234.10","234.59","231.91","5.23M","-0.65%"
"01/14/2021","235.02","234.79","235.70","233.84","4.53M","0.22%"
"01/13/2021","234.51","232.00","234.95","231.71","3.83M","0.64%"
"01/12/2021","233.03","233.31","233.98","231.70","5.62M","-0.17%"
"01/11/2021","233.43","231.22","233.92","231.02","3.88M","-0.26%"
"01/08/2021","234.03","233.54","234.60","231.72","4.85M","0.49%"
"01/07/2021","232.88","232.78","233.96","231.33","4.69M","1.13%"
"01/06/2021","230.27","229.49","232.68","227.55","9.01M","1.23%"
"01/05/2021","227.47","228.21","230.10","226.85","5.53M","-0.43%"
"01/04/2021","228.45","231.73","231.87","226.85","7.41M","-1.47%"
"12/31/2020","231.87","229.28","232.28","228.89","4.23M","0.97%"
"12/30/2020","229.65","229.54","230.59","229.08","3.26M","0.03%"
"12/29/2020","229.57","230.50","231.10","229.10","3.80M","0.51%"
"12/28/2020","228.41","228.09","230.15","227.36","3.51M","0.83%"
"12/24/2020","226.53","224.60","227.13","224.21","2.39M","1.02%"
"12/23/2020","224.24","222.63","224.91","222.61","4.98M","1.06%"
"12/22/2020","221.88","223.58","223.75","221.76","6.17M","-0.72%"
"12/21/2020","223.49","222.02","224.20","221.26","7.38M","0.03%"
"12/18/2020","223.43","224.79","225.20","221.68","20.67M","-0.56%"
"12/17/2020","224.68","222.51","225.02","221.67","7.39M","1.25%"
"12/16/2020","221.91","225.48","225.48","221.82","7.99M","-1.10%"
"12/15/2020","224.38","224.83","225.86","222.73","5.17M","0.69%"
"12/14/2020","222.85","227.68","228.06","222.36","6.55M","-1.56%"
"12/11/2020","226.39","225.20","226.73","224.60","4.03M","-0.42%"
"12/10/2020","227.35","226.45","227.87","225.73","4.57M","-0.07%"
"12/09/2020","227.51","228.57","228.90","226.63","4.87M","-0.30%"
"12/08/2020","228.19","227.46","228.74","226.61","4.59M","-0.46%"
"12/07/2020","229.24","231.26","231.26","228.10","4.74M","-0.91%"
"12/04/2020","231.35","230.24","231.89","230.24","4.75M","0.14%"
"12/03/2020","231.02","230.00","231.50","228.87","4.70M","0.26%"
"12/02/2020","230.42","229.80","230.59","228.31","4.68M","0.32%"
"12/01/2020","229.68","230.23","231.98","229.34","4.44M","0.34%"
"11/30/2020","228.91","231.19","231.29","228.16","5.99M","-1.14%"
"11/27/2020","231.55","233.10","234.17","230.45","1.94M","-0.68%"
"11/25/2020","233.13","233.92","234.00","232.01","3.25M","-0.34%"
"11/24/2020","233.92","232.45","234.99","231.24","4.71M","1.91%"
"11/23/2020","229.54","229.77","230.50","228.04","3.63M","1.11%"
"11/20/2020","227.01","228.78","229.72","226.77","4.03M","-1.10%"
"11/19/2020","229.53","229.67","229.97","227.62","4.62M","-0.23%"
"11/18/2020","230.07","233.57","234.48","230.00","4.74M","-1.33%"
"11/17/2020","233.16","231.93","234.97","230.01","5.04M","0.03%"
"11/16/2020","233.10","230.58","233.46","229.86","5.77M","2.50%"
"11/13/2020","227.42","226.50","228.15","225.29","4.79M","1.20%"
"11/12/2020","224.72","225.01","225.88","223.18","5.11M","-1.17%"
"11/11/2020","227.37","228.50","228.98","225.47","4.79M","-0.49%"
"11/10/2020","228.48","221.82","228.61","220.94","7.06M","3.15%"
"11/09/2020","221.50","221.97","225.23","218.01","11.34M","6.06%"
"11/06/2020","208.85","208.45","210.26","207.59","4.32M","0.67%"
"11/05/2020","207.45","208.69","210.86","206.97","5.94M","0.62%"
"11/04/2020","206.17","206.59","210.15","204.78","5.98M","-0.22%"
"11/03/2020","206.63","206.93","209.80","206.36","5.47M","1.14%"
"11/02/2020","204.31","204.84","206.18","203.06","5.94M","1.19%"
"10/30/2020","201.90","200.51","202.27","198.70","5.76M","0.19%"
"10/29/2020","201.51","200.03","202.96","197.81","5.23M","0.40%"
"10/28/2020","200.70","202.68","203.88","199.79","7.54M","-2.99%"
"10/27/2020","206.88","208.00","208.48","206.58","3.04M","-0.77%"
"10/26/2020","208.49","209.64","210.26","207.00","4.72M","-1.98%"
"10/23/2020","212.71","212.43","213.87","211.73","2.83M","0.52%"
"10/22/2020","211.61","209.63","211.78","209.23","2.95M","0.68%"
"10/21/2020","210.18","208.97","211.38","208.61","3.20M","0.06%"
"10/20/2020","210.06","209.63","211.45","209.41","3.89M","0.51%"
"10/19/2020","208.99","212.16","212.32","208.20","3.41M","-1.38%"
"10/16/2020","211.91","211.84","213.83","211.81","3.63M","0.12%"
"10/15/2020","211.65","209.27","211.99","208.22","3.06M","0.35%"
"10/14/2020","210.91","212.02","212.35","210.54","5.03M","-0.66%"
"10/13/2020","212.31","215.76","216.38","212.00","4.85M","-1.89%"
"10/12/2020","216.41","216.74","217.43","215.12","3.90M","0.34%"
"10/09/2020","215.68","215.88","216.29","214.16","3.09M","0.25%"
"10/08/2020","215.15","214.39","215.69","213.44","3.61M","0.87%"
"10/07/2020","213.29","212.33","214.67","211.36","3.76M","1.44%"
"10/06/2020","210.26","212.65","213.48","209.65","5.32M","-0.99%"
"10/05/2020","212.36","213.09","213.90","212.05","3.65M","0.56%"
"10/02/2020","211.18","209.84","213.68","209.53","4.42M","-0.40%"
"10/01/2020","212.02","214.30","214.38","210.62","4.76M","-0.43%"
"09/30/2020","212.94","211.11","213.70","210.75","5.82M","1.19%"
"09/29/2020","210.44","213.59","213.59","210.24","4.04M","-1.45%"
"09/28/2020","213.54","213.22","215.47","212.02","5.04M","1.47%"
"09/25/2020","210.45","207.00","211.11","206.82","3.56M","0.83%"
"09/24/2020","208.72","209.14","210.23","206.58","3.96M","-0.42%"
"09/23/2020","209.61","213.94","214.88","209.38","4.42M","-2.12%"
"09/22/2020","214.16","212.54","214.75","211.70","5.29M","0.54%"
"09/21/2020","213.02","214.00","215.45","208.73","8.34M","-2.38%"
"09/18/2020","218.21","219.08","221.01","217.83","11.86M","0.07%"
"09/17/2020","218.05","218.46","218.68","216.50","6.94M","-0.70%"
"09/16/2020","219.59","220.28","222.26","219.19","5.66M","0.30%"
"09/15/2020","218.94","220.08","221.57","218.45","3.86M","-0.45%"
"09/14/2020","219.94","219.00","221.32","218.30","4.07M","0.92%"
"09/11/2020","217.93","218.00","219.26","216.92","3.44M","0.06%"
"09/10/2020","217.80","220.54","220.68","217.15","3.84M","-0.83%"
"09/09/2020","219.63","218.95","221.62","218.52","5.42M","0.84%"
"09/08/2020","217.80","217.28","219.19","215.34","7.00M","-0.24%"
"09/04/2020","218.32","219.95","221.48","215.06","6.04M","0.08%"
"09/03/2020","218.15","222.00","223.24","216.43","7.10M","-1.59%"
"09/02/2020","221.68","218.13","222.09","218.13","5.50M","1.43%"
"09/01/2020","218.55","216.92","218.59","216.62","4.13M","0.23%"
"08/31/2020","218.04","218.62","219.45","217.65","6.13M","-0.23%"
"08/28/2020","218.55","217.51","218.81","215.73","4.29M","0.77%"
"08/27/2020","216.87","214.99","217.98","214.76","4.81M","1.03%"
"08/26/2020","214.66","212.98","215.83","212.30","4.64M","0.61%"
"08/25/2020","213.35","213.56","214.00","212.85","3.68M","0.35%"
"08/24/2020","212.61","209.23","213.30","208.91","5.04M","2.50%"
"08/21/2020","207.43","205.52","208.40","205.52","4.79M","0.64%"
"08/20/2020","206.12","205.17","206.79","204.51","4.13M","-0.53%"
"08/19/2020","207.21","209.19","210.21","206.66","5.83M","-0.54%"
"08/18/2020","208.33","206.95","209.76","206.80","3.50M","0.75%"
"08/17/2020","206.78","210.05","210.82","206.34","5.49M","-1.98%"
"08/14/2020","210.96","211.04","211.97","210.25","3.44M","-0.48%"
"08/13/2020","211.98","212.93","213.33","211.66","4.54M","-0.59%"
"08/12/2020","213.24","213.10","214.39","212.31","4.79M","0.27%"
"08/11/2020","212.66","214.74","215.60","212.24","5.69M","0.04%"
"08/10/2020","212.58","211.34","212.92","209.40","6.64M","1.48%"
"08/07/2020","209.48","204.20","209.75","204.00","6.19M","2.18%"
"08/06/2020","205.02","203.00","205.39","202.70","3.39M","0.69%"
"08/05/2020","203.62","201.44","204.69","201.00","5.27M","1.69%"
"08/04/2020","200.24","198.97","200.31","198.11","3.84M","0.49%"
"08/03/2020","199.26","197.28","200.68","196.00","6.25M","1.78%"
"07/31/2020","195.78","195.06","196.00","193.33","5.94M","0.76%"
"07/30/2020","194.30","193.43","194.57","192.25","4.83M","-1.07%"
"07/29/2020","196.41","194.03","196.67","193.73","4.07M","1.18%"
"07/28/2020","194.12","190.90","194.46","190.61","4.41M","1.03%"
"07/27/2020","192.14","193.83","193.99","191.77","4.31M","-1.22%"
"07/24/2020","194.52","193.25","196.28","193.05","5.14M","0.66%"
"07/23/2020","193.25","191.71","193.39","191.48","6.04M","0.60%"
"07/22/2020","192.10","191.78","192.24","190.63","4.18M","-0.09%"
"07/21/2020","192.27","190.40","193.45","190.40","5.26M","0.94%"
"07/20/2020","190.48","190.02","191.23","189.48","4.09M","-0.15%"
"07/17/2020","190.76","191.77","192.12","190.47","5.19M","-0.13%"
"07/16/2020","191.01","188.32","191.93","188.32","4.77M","0.24%"
"07/15/2020","190.56","192.64","193.05","188.75","7.56M","0.45%"
"07/14/2020","189.71","182.42","190.08","182.42","14.69M","3.03%"
"07/13/2020","184.13","183.81","185.82","183.31","7.89M","0.67%"
"07/10/2020","182.90","178.26","182.96","178.09","5.49M","2.29%"
"07/09/2020","178.80","181.79","181.88","177.77","5.42M","-1.32%"
"07/08/2020","181.20","180.42","182.31","179.77","5.56M","0.03%"
"07/07/2020","181.15","182.02","182.49","180.60","4.96M","-0.86%"
"07/06/2020","182.72","183.10","183.52","181.59","6.45M","2.18%"
"07/02/2020","178.83","180.45","180.94","178.24","5.17M","0.47%"
"07/01/2020","177.99","178.41","180.45","177.34","4.62M","-0.29%"
"06/30/2020","178.51","176.75","179.12","176.51","6.77M","0.74%"
"06/29/2020","177.19","175.90","177.22","175.33","5.22M","1.04%"
"06/26/2020","175.37","176.71","178.70","174.63","14.78M","-1.95%"
"06/25/2020","178.85","176.58","179.72","176.06","6.39M","0.74%"
"06/24/2020","177.53","179.61","179.65","177.26","8.09M","-1.92%"
"06/23/2020","181.01","181.87","182.39","180.40","6.38M","0.47%"
"06/22/2020","180.17","179.55","181.80","178.87","5.82M","0.25%"
"06/19/2020","179.72","183.50","183.88","179.01","8.77M","-0.56%"
"06/18/2020","180.73","179.90","181.36","179.04","4.92M","-0.07%"
"06/17/2020","180.86","183.03","183.15","180.11","6.46M","-0.79%"
"06/16/2020","182.30","186.55","186.70","179.75","9.41M","0.41%"
"06/15/2020","181.55","177.00","181.77","176.05","8.11M","0.19%"
"06/12/2020","181.21","184.02","184.02","178.22","9.48M","1.79%"
"06/11/2020","178.02","185.00","186.93","177.93","15.39M","-7.04%"
"06/10/2020","191.51","195.85","196.34","191.37","7.35M","-2.33%"
"06/09/2020","196.07","197.15","198.79","195.83","7.74M","-2.72%"
"06/08/2020","201.56","202.34","203.33","199.56","6.71M","0.45%"
"06/05/2020","200.66","197.88","201.49","196.22","10.40M","4.48%"
"06/04/2020","192.05","190.41","192.11","189.69","5.82M","0.64%"
"06/03/2020","190.82","188.75","191.62","187.81","6.71M","2.62%"
"06/02/2020","185.94","183.99","186.44","183.99","5.81M","1.14%"
"06/01/2020","183.84","185.53","185.71","183.18","5.72M","-0.94%"
"05/29/2020","185.58","183.08","185.87","182.53","10.63M","0.26%"
"05/28/2020","185.10","187.24","187.28","183.92","6.32M","-0.36%"
"05/27/2020","185.77","184.66","185.98","183.80","7.42M","3.01%"
"05/26/2020","180.34","179.99","181.69","178.68","7.11M","3.09%"
"05/22/2020","174.93","174.86","175.12","173.21","3.59M","-0.01%"
"05/21/2020","174.94","175.74","176.65","174.47","4.06M","-0.61%"
"05/20/2020","176.02","174.61","176.87","174.29","5.46M","2.05%"
"05/19/2020","172.49","174.12","174.87","172.34","5.58M","-1.69%"
"05/18/2020","175.46","174.00","176.87","172.31","7.46M","3.67%"
"05/15/2020","169.25","169.82","170.66","168.52","5.94M","-0.98%"
"05/14/2020","170.93","168.80","171.40","167.04","7.02M","0.21%"
"05/13/2020","170.57","172.00","172.61","169.44","10.26M","-1.30%"
"05/12/2020","172.81","175.20","175.71","172.73","6.48M","-1.05%"
"05/11/2020","174.64","175.23","175.96","173.61","9.24M","-1.24%"
"05/08/2020","176.83","176.71","177.26","174.28","5.80M","1.93%"
"05/07/2020","173.48","173.40","175.38","173.05","6.70M","0.64%"
"05/06/2020","172.38","176.94","177.04","172.34","9.02M","-2.07%"
"05/05/2020","176.03","180.04","180.23","175.93","9.02M","-1.08%"
"05/04/2020","177.95","179.78","180.36","176.34","9.46M","-2.58%"
"05/01/2020","182.67","185.21","185.89","181.64","7.52M","-2.50%"
"04/30/2020","187.36","188.30","189.87","186.71","8.22M","-1.19%"
"04/29/2020","189.61","190.64","192.68","188.93","7.65M","1.33%"
"04/28/2020","187.12","190.54","191.00","187.00","6.68M","-0.18%"
"04/27/2020","187.46","187.78","189.37","186.35","6.63M","0.50%"
"04/24/2020","186.52","187.08","187.28","184.42","5.21M","0.48%"
"04/23/2020","185.63","186.99","187.35","184.50","6.21M","-0.51%"
"04/22/2020","186.58","186.46","187.37","185.34","5.47M","1.69%"
"04/21/2020","183.48","184.17","185.78","183.28","5.89M","-2.79%"
"04/20/2020","188.75","188.72","189.35","187.30","6.48M","-1.28%"
"04/17/2020","191.20","192.89","192.90","189.02","8.28M","1.72%"
"04/16/2020","187.96","188.90","188.99","185.80","6.26M","-0.32%"
"04/15/2020","188.57","188.56","189.59","187.47","6.14M","-2.26%"
"04/14/2020","192.94","193.32","194.16","190.82","7.03M","2.21%"
"04/13/2020","188.77","193.85","193.85","186.08","7.90M","-2.62%"
"04/09/2020","193.84","194.00","197.23","191.45","10.53M","1.48%"
"04/08/2020","191.01","187.55","191.42","185.14","6.11M","3.11%"
"04/07/2020","185.25","191.99","192.00","184.90","8.15M","0.01%"
"04/06/2020","185.24","184.61","186.41","180.49","9.94M","3.87%"
"04/03/2020","178.34","178.59","180.22","175.44","6.65M","-0.77%"
"04/02/2020","179.73","175.00","180.31","174.22","7.28M","2.15%"
"04/01/2020","175.95","176.18","178.67","174.19","8.68M","-3.76%"
"03/31/2020","182.83","182.05","186.17","180.57","9.00M","-0.19%"
"03/30/2020","183.18","180.04","184.11","178.00","7.67M","1.96%"
"03/27/2020","179.66","178.50","184.24","176.72","10.26M","-2.31%"
"03/26/2020","183.90","181.29","184.96","179.59","14.15M","1.90%"
"03/25/2020","180.47","180.01","189.07","175.17","13.86M","1.27%"
"03/24/2020","178.20","170.91","179.14","169.53","14.09M","9.91%"
"03/23/2020","162.13","165.30","166.69","159.50","16.51M","-4.66%"
"03/20/2020","170.06","176.30","177.18","167.29","15.22M","-2.64%"
"03/19/2020","174.68","170.21","176.18","166.00","12.49M","1.30%"
"03/18/2020","172.44","177.29","181.39","167.00","16.68M","-8.08%"
"03/17/2020","187.60","181.88","187.81","177.00","15.08M","5.53%"
"03/16/2020","177.77","174.00","188.38","173.62","14.17M","-9.49%"
"03/13/2020","196.40","187.45","196.50","178.41","14.87M","11.61%"
"03/12/2020","175.97","183.60","187.67","175.00","22.30M","-9.59%"
"03/11/2020","194.64","197.32","198.13","192.87","9.59M","-3.99%"
"03/10/2020","202.73","201.35","202.86","195.05","10.93M","4.97%"
"03/09/2020","193.13","195.00","198.48","192.26","13.99M","-6.24%"
"03/06/2020","205.98","203.48","207.41","202.35","9.44M","-1.43%"
"03/05/2020","208.96","212.55","212.75","207.01","8.11M","-4.09%"
"03/04/2020","217.86","212.14","218.34","209.26","7.41M","4.33%"
"03/03/2020","208.81","217.39","218.15","206.20","10.72M","-4.05%"
"03/02/2020","217.63","207.25","218.80","204.43","10.41M","5.47%"
"02/28/2020","206.34","201.92","206.44","199.68","15.15M","-0.64%"
"02/27/2020","207.67","212.90","214.38","207.28","10.95M","-3.88%"
"02/26/2020","216.06","219.65","220.63","215.94","6.91M","-0.91%"
"02/25/2020","218.05","222.20","223.24","216.76","8.56M","-1.64%"
"02/24/2020","221.69","221.31","223.94","220.27","7.93M","-3.33%"
"02/21/2020","229.33","227.53","230.07","226.98","4.70M","0.51%"
"02/20/2020","228.17","229.76","229.79","227.15","3.55M","-0.47%"
"02/19/2020","229.24","227.68","229.71","226.93","3.19M","1.09%"
"02/18/2020","226.77","226.39","227.38","225.27","3.15M","-0.01%"
"02/14/2020","226.80","226.49","227.14","225.52","2.51M","0.15%"
"02/13/2020","226.47","226.53","227.40","226.10","2.84M","-0.43%"
"02/12/2020","227.44","227.60","228.84","226.91","3.79M","0.05%"
"02/11/2020","227.33","228.59","228.59","227.02","2.92M","0.10%"
"02/10/2020","227.11","227.17","227.75","225.13","2.95M","-0.12%"
"02/07/2020","227.38","228.07","228.62","226.67","2.89M","-0.97%"
"02/06/2020","229.61","229.56","230.08","228.53","2.80M","0.42%"
"02/05/2020","228.65","226.91","228.68","226.75","3.36M","1.59%"
"02/04/2020","225.08","226.15","226.94","224.79","3.64M","0.72%"
"02/03/2020","223.47","225.48","226.32","223.00","3.53M","-0.43%"
"01/31/2020","224.43","226.49","226.97","223.43","3.95M","-1.51%"
"01/30/2020","227.88","223.11","228.08","222.48","3.36M","1.51%"
"01/29/2020","224.50","224.75","226.40","224.31","2.31M","0.21%"
"01/28/2020","224.03","223.44","225.35","223.16","3.61M","0.71%"
"01/27/2020","222.45","223.70","223.90","221.11","5.46M","-1.94%"
"01/24/2020","226.86","229.40","229.41","226.04","4.02M","-1.10%"
"01/23/2020","229.38","229.43","229.77","227.35","4.75M","-0.07%"
"01/22/2020","229.54","229.00","230.38","228.41","3.16M","0.40%"
"01/21/2020","228.63","229.85","231.13","227.95","5.84M","-0.68%"
"01/17/2020","230.20","230.13","231.61","229.55","6.60M","0.20%"
"01/16/2020","229.73","229.34","230.03","228.52","3.04M","0.60%"
"01/15/2020","228.35","226.80","228.64","226.78","2.66M","0.52%"
"01/14/2020","227.17","227.85","228.39","226.88","3.36M","-0.56%"
"01/13/2020","228.45","227.05","228.47","226.13","3.29M","0.81%"
"01/10/2020","226.62","228.50","228.53","226.59","2.57M","-0.89%"
"01/09/2020","228.65","226.92","228.85","226.92","3.50M","1.18%"
"01/08/2020","225.99","226.03","227.84","225.87","3.78M","0.03%"
"01/07/2020","225.92","227.26","227.26","225.44","3.53M","-0.47%"
"01/06/2020","226.99","224.99","227.13","224.70","4.26M","0.36%"
"01/03/2020","226.18","225.69","227.43","225.48","3.02M","-0.97%"
"01/02/2020","228.39","227.51","228.39","226.71","3.77M","0.83%"
"12/31/2019","226.50","226.16","226.72","225.14","3.15M","0.33%"
"12/30/2019","225.76","226.14","226.60","224.67","2.77M","-0.17%"
"12/27/2019","226.14","226.86","226.97","225.57","2.77M","-0.14%"
"12/26/2019","226.45","225.92","226.51","225.64","1.73M","0.43%"
"12/24/2019","225.47","225.24","225.65","224.88","961.13K","0.00%"
"12/23/2019","225.48","226.61","226.67","224.93","3.50M","-0.37%"
"12/20/2019","226.31","226.24","227.80","225.56","11.57M","0.49%"
"12/19/2019","225.21","224.66","225.66","224.16","4.97M","0.09%"
"12/18/2019","225.01","227.06","227.20","224.89","5.96M","-0.90%"
"12/17/2019","227.05","227.27","228.23","226.55","4.87M","0.09%"
"12/16/2019","226.85","226.77","227.81","226.29","4.28M","0.66%"
"12/13/2019","225.37","225.92","226.50","223.96","3.16M","-0.24%"
"12/12/2019","225.92","222.88","226.52","222.53","5.12M","1.51%"
"12/11/2019","222.57","221.21","222.65","221.01","3.55M","0.59%"
"12/10/2019","221.26","222.07","222.07","220.21","2.69M","-0.05%"
"12/09/2019","221.38","222.71","223.30","221.19","2.62M","-0.55%"
"12/06/2019","222.61","221.64","223.00","221.33","3.45M","1.37%"
"12/05/2019","219.60","218.99","219.75","218.05","2.32M","0.55%"
"12/04/2019","218.40","217.95","218.88","217.54","2.67M","0.15%"
"12/03/2019","218.08","218.82","218.90","216.40","4.50M","-1.02%"
"12/02/2019","220.33","220.60","221.38","220.11","3.89M","0.01%"
"11/29/2019","220.30","220.50","220.58","219.82","2.26M","-0.09%"
"11/27/2019","220.50","219.25","220.59","218.48","3.95M","0.73%"
"11/26/2019","218.90","219.11","219.20","217.72","3.72M","-0.07%"
"11/25/2019","219.06","218.74","219.39","218.26","3.65M","0.50%"
"11/22/2019","217.96","216.96","217.99","216.80","2.39M","0.61%"
"11/21/2019","216.63","217.30","217.71","216.30","3.71M","-0.39%"
"11/20/2019","217.48","218.01","218.37","216.01","4.97M","-0.71%"
"11/19/2019","219.03","219.93","220.00","218.78","3.38M","-0.15%"
"11/18/2019","219.35","219.95","220.05","218.39","3.89M","-0.18%"
"11/15/2019","219.74","220.18","220.43","218.74","3.48M","0.17%"
"11/14/2019","219.36","219.77","219.87","217.91","2.83M","-0.19%"
"11/13/2019","219.77","219.72","220.27","218.61","3.19M","-0.51%"
"11/12/2019","220.89","220.98","222.19","220.54","2.66M","0.02%"
"11/11/2019","220.85","220.20","221.09","219.87","2.38M","-0.21%"
"11/08/2019","221.31","222.75","223.00","219.89","3.35M","-0.64%"
"11/07/2019","222.74","222.81","223.37","221.67","4.40M","0.33%"
"11/06/2019","222.00","221.09","222.03","220.11","3.66M","0.51%"
"11/05/2019","220.88","218.69","221.68","218.43","5.32M","1.33%"
"11/04/2019","217.98","217.77","218.62","216.98","4.16M","1.00%"
"11/01/2019","215.83","213.55","216.63","213.40","4.78M","1.53%"
"10/31/2019","212.58","213.01","213.71","211.54","4.31M","-0.31%"
"10/30/2019","213.25","212.99","213.43","211.67","3.30M","0.11%"
"10/29/2019","213.01","212.38","213.17","211.61","2.63M","0.07%"
"10/28/2019","212.86","212.31","213.34","212.14","3.52M","0.50%"
"10/25/2019","211.80","209.87","212.33","209.75","2.54M","0.73%"
"10/24/2019","210.26","211.16","211.32","209.72","3.15M","-0.33%"
"10/23/2019","210.96","210.50","211.01","209.54","2.42M","0.16%"
"10/22/2019","210.62","211.03","211.97","210.47","2.72M","-0.41%"
"10/21/2019","211.49","210.00","211.54","209.76","3.34M","1.31%"
"10/18/2019","208.76","208.45","209.62","208.20","3.58M","0.07%"
"10/17/2019","208.62","209.26","209.98","208.51","3.58M","-0.32%"
"10/16/2019","209.29","208.37","209.97","208.37","3.23M","-0.04%"
"10/15/2019","209.38","207.73","210.15","207.57","3.06M","0.71%"
"10/14/2019","207.91","208.01","208.07","206.93","1.90M","-0.08%"
"10/11/2019","208.08","208.97","210.08","207.73","4.41M","0.59%"
"10/10/2019","206.86","206.37","208.19","206.08","2.98M","0.08%"
"10/09/2019","206.69","204.94","207.23","204.73","3.21M","1.27%"
"10/08/2019","204.09","205.62","206.14","203.93","4.19M","-1.52%"
"10/07/2019","207.24","207.36","209.60","206.19","2.72M","-0.40%"
"10/04/2019","208.08","205.09","208.28","205.05","3.57M","1.51%"
"10/03/2019","204.98","202.65","205.09","201.33","4.31M","0.93%"
"10/02/2019","203.10","206.09","206.09","202.38","5.94M","-1.75%"
"10/01/2019","206.71","208.94","209.66","206.44","3.51M","-0.63%"
"09/30/2019","208.02","207.77","208.70","207.53","3.17M","0.27%"
"09/27/2019","207.45","207.73","208.64","206.54","2.84M","0.27%"
"09/26/2019","206.90","208.19","208.19","206.35","2.82M","-0.58%"
"09/25/2019","208.11","206.50","209.44","206.23","3.29M","0.83%"
"09/24/2019","206.40","208.17","208.89","205.74","3.71M","-0.75%"
"09/23/2019","207.96","207.02","208.53","206.40","3.08M","-0.08%"
"09/20/2019","208.12","210.37","210.37","207.27","10.70M","-0.53%"
"09/19/2019","209.22","210.78","211.44","208.90","2.74M","-0.80%"
"09/18/2019","210.90","209.89","211.32","209.12","2.73M","0.36%"
"09/17/2019","210.15","210.35","211.16","208.68","3.86M","-0.09%"
"09/16/2019","210.33","212.06","212.10","209.94","3.47M","-1.54%"
"09/13/2019","213.61","212.24","214.58","212.22","4.24M","1.06%"
"09/12/2019","211.37","211.00","212.68","210.72","4.60M","0.22%"
"09/11/2019","210.91","208.27","210.93","207.53","4.44M","1.25%"
"09/10/2019","208.31","207.31","208.31","206.13","3.88M","0.82%"
"09/09/2019","206.62","205.51","207.80","205.20","4.57M","0.92%"
"09/06/2019","204.73","204.44","205.15","203.86","3.41M","0.24%"
"09/05/2019","204.24","204.13","206.22","203.77","3.97M","1.01%"
"09/04/2019","202.19","202.73","202.94","201.30","3.21M","0.64%"
"09/03/2019","200.90","201.19","201.83","200.19","3.64M","-1.23%"
"08/30/2019","203.41","204.02","204.35","202.73","3.63M","0.10%"
"08/29/2019","203.20","201.71","203.80","201.66","3.33M","1.37%"
"08/28/2019","200.45","198.02","200.57","197.53","3.41M","1.06%"
"08/27/2019","198.35","200.76","201.30","198.04","3.07M","-0.92%"
"08/26/2019","200.20","198.70","200.20","197.44","3.09M","1.54%"
"08/23/2019","197.16","200.19","200.92","195.96","5.95M","-1.92%"
"08/22/2019","201.01","199.80","201.87","199.80","3.21M","0.89%"
"08/21/2019","199.24","199.01","199.77","198.71","3.53M","0.55%"
"08/20/2019","198.15","200.27","200.28","198.02","4.04M","-1.39%"
"08/19/2019","200.94","202.72","203.10","200.38","4.22M","0.61%"
"08/16/2019","199.72","200.50","200.88","198.55","4.80M","0.71%"
"08/15/2019","198.31","197.08","199.04","196.38","4.64M","1.28%"
"08/14/2019","195.81","195.78","197.25","195.61","5.84M","-1.49%"
"08/13/2019","198.78","197.46","201.00","196.50","3.91M","0.80%"
"08/12/2019","197.20","197.61","199.47","196.91","3.19M","-0.93%"
"08/09/2019","199.05","200.19","200.55","197.67","4.33M","-0.73%"
"08/08/2019","200.52","199.93","200.87","198.12","4.14M","1.17%"
"08/07/2019","198.21","198.56","199.30","195.40","5.33M","-1.17%"
"08/06/2019","200.55","199.61","200.93","197.90","5.50M","1.43%"
"08/05/2019","197.73","199.90","201.10","197.16","7.62M","-2.44%"
"08/02/2019","202.67","201.79","204.43","199.42","5.70M","0.48%"
"08/01/2019","201.71","205.63","206.98","201.49","4.83M","-1.81%"
"07/31/2019","205.43","207.80","209.50","205.30","4.63M","-1.15%"
"07/30/2019","207.81","207.89","208.36","206.86","1.98M","-0.38%"
"07/29/2019","208.61","210.00","210.00","208.42","2.83M","-0.61%"
"07/26/2019","209.90","207.82","210.03","206.75","3.65M","0.96%"
"07/25/2019","207.90","208.37","208.37","206.53","3.02M","-0.03%"
"07/24/2019","207.97","205.74","208.01","205.63","3.11M","0.73%"
"07/23/2019","206.46","205.51","206.63","204.92","3.09M","0.79%"
"07/22/2019","204.84","205.34","206.16","204.36","3.09M","-0.55%"
"07/19/2019","205.97","208.11","208.25","205.65","3.51M","-0.97%"
"07/18/2019","207.98","207.52","209.09","207.12","3.61M","0.26%"
"07/17/2019","207.45","212.52","212.96","207.41","4.33M","-2.55%"
"07/16/2019","212.88","214.29","215.04","212.78","2.71M","-0.31%"
"07/15/2019","213.54","214.44","214.44","212.82","2.72M","-0.26%"
"07/12/2019","214.10","213.20","214.19","212.51","2.36M","0.44%"
"07/11/2019","213.17","214.31","214.55","212.98","3.12M","-0.40%"
"07/10/2019","214.03","215.21","216.58","213.77","3.70M","-0.34%"
"07/09/2019","214.75","213.02","214.92","212.97","2.69M","-0.18%"
"07/08/2019","215.13","214.00","215.80","213.91","2.98M","-0.06%"
"07/05/2019","215.25","215.13","215.77","213.90","3.32M","0.04%"
"07/03/2019","215.16","215.00","215.25","212.66","2.49M","0.29%"
"07/02/2019","214.54","214.38","215.59","213.40","3.05M","-0.04%"
"07/01/2019","214.62","214.25","215.21","213.21","3.47M","0.68%"
"06/28/2019","213.17","213.00","213.33","211.32","7.47M","0.54%"
"06/27/2019","212.02","208.97","212.54","208.81","4.18M","1.68%"
"06/26/2019","208.51","208.28","210.00","208.21","3.94M","0.21%"
"06/25/2019","208.07","207.41","208.48","206.80","3.73M","0.59%"
"06/24/2019","206.85","206.39","207.59","205.96","3.16M","0.31%"
"06/21/2019","206.21","208.43","208.72","206.03","5.99M","-0.88%"
"06/20/2019","208.04","208.51","208.75","206.04","3.84M","0.62%"
"06/19/2019","206.75","206.36","208.31","206.14","3.32M","0.36%"
"06/18/2019","206.01","204.47","206.46","203.98","3.67M","1.24%"
"06/17/2019","203.48","205.85","205.85","203.16","2.82M","-0.82%"
"06/14/2019","205.16","204.87","205.84","203.85","2.51M","0.08%"
"06/13/2019","204.99","204.46","205.76","204.30","2.26M","0.21%"
"06/12/2019","204.57","206.20","206.60","203.92","2.84M","-1.00%"
"06/11/2019","206.63","208.50","208.99","206.00","2.55M","-0.26%"
"06/10/2019","207.16","207.12","208.08","206.46","2.87M","0.66%"
"06/07/2019","205.81","204.95","206.54","204.80","2.67M","0.51%"
"06/06/2019","204.77","202.90","205.39","202.54","3.01M","0.72%"
"06/05/2019","203.30","202.38","203.35","200.91","3.21M","0.85%"
"06/04/2019","201.59","200.63","201.65","199.57","4.11M","1.53%"
"06/03/2019","198.56","197.62","198.92","196.89","3.98M","0.58%"
"05/31/2019","197.42","198.32","198.83","197.07","3.69M","-1.16%"
"05/30/2019","199.74","199.06","200.21","198.76","3.65M","0.61%"
"05/29/2019","198.52","198.95","199.49","197.34","4.63M","-0.59%"
"05/28/2019","199.70","202.05","202.41","199.52","6.91M","-0.99%"
"05/24/2019","201.69","202.12","202.12","200.79","3.31M","0.19%"
"05/23/2019","201.30","200.80","202.18","199.32","4.74M","-0.64%"
"05/22/2019","202.60","202.72","203.49","201.70","2.78M","-0.37%"
"05/21/2019","203.36","203.16","203.99","202.50","2.66M","0.31%"
"05/20/2019","202.73","202.64","203.18","201.75","2.65M","-0.27%"
"05/17/2019","203.27","203.00","205.46","202.45","4.61M","-0.66%"
"05/16/2019","204.63","203.90","206.66","203.90","3.07M","0.81%"
"05/15/2019","202.98","202.79","204.13","201.39","4.02M","-0.35%"
"05/14/2019","203.69","205.67","206.81","203.45","4.01M","-0.64%"
"05/13/2019","205.01","204.96","205.91","204.30","5.19M","-1.92%"
"05/10/2019","209.02","207.89","209.29","204.31","4.08M","0.22%"
"05/09/2019","208.56","207.34","208.92","204.39","4.25M","-0.35%"
"05/08/2019","209.29","208.26","211.72","207.60","3.84M","-0.07%"
"05/07/2019","209.43","211.34","211.60","207.41","5.27M","-1.75%"
"05/06/2019","213.16","214.69","215.51","211.54","5.66M","-2.49%"
"05/03/2019","218.60","217.14","219.16","216.87","3.38M","1.24%"
"05/02/2019","215.93","217.19","217.70","215.17","2.65M","-0.36%"
"05/01/2019","216.71","217.22","218.79","216.49","3.77M","0.00%"