Date,Price,Open,High,Low,Vol.,Change %,SentimentSum
2023-05-01,289.10,278.40,290.58,277.80,56.62M,4.18%,0
2023-04-28,277.49,272.25,277.58,270.71,29.22M,1.92%,0
2023-04-27,272.26,273.63,274.95,266.25,37.43M,1.00%,0
2023-04-26,269.56,270.02,273.30,267.05,40.45M,2.72%,0
2023-04-25,262.41,270.78,272.47,262.25,36.76M,-2.96%,0
2023-04-24,270.42,270.13,273.66,266.71,32.65M,-0.28%,0
2023-04-21,271.19,269.52,271.83,267.22,34.51M,0.06%,0
2023-04-20,271.04,276.71,280.30,270.00,42.77M,-2.96%,0
2023-04-19,279.31,273.61,280.00,272.32,35.14M,0.95%,0
2023-04-18,276.67,275.33,281.10,273.57,60.27M,2.46%,0
2023-04-17,270.02,265.65,270.06,264.33,32.15M,0.91%,0
2023-04-14,267.58,265.04,268.83,262.20,39.57M,1.11%,0
2023-04-13,264.63,267.34,268.87,263.29,35.22M,-0.12%,0
2023-04-12,264.95,273.70,274.68,264.48,44.35M,-2.48%,0
2023-04-11,271.69,277.23,277.90,271.26,30.23M,-1.49%,0
2023-04-10,275.79,268.23,276.21,266.69,37.98M,2.00%,0
2023-04-06,270.37,265.84,270.80,264.27,39.77M,0.58%,0.1531
2023-04-05,268.81,268.29,269.98,263.95,50.33M,-2.08%,0
2023-04-04,274.53,279.66,280.00,273.07,36.64M,-1.83%,0
2023-04-03,279.65,275.09,280.00,273.36,39.62M,0.68%,0
2023-03-31,277.77,271.40,278.34,271.05,43.39M,1.44%,0
2023-03-30,273.83,272.29,274.99,271.02,35.64M,1.48%,0
2023-03-29,269.84,268.25,270.78,265.97,39.37M,2.17%,0
2023-03-28,264.10,264.47,265.13,258.50,35.48M,-0.46%,0
2023-03-27,265.31,268.37,270.00,263.65,36.02M,-0.93%,0
2023-03-24,267.79,270.31,271.67,263.55,45.54M,-1.52%,0
2023-03-23,271.91,271.15,274.99,266.90,56.18M,2.73%,0
2023-03-22,264.68,264.25,275.89,262.37,79.26M,1.03%,0
2023-03-21,261.99,261.80,263.92,253.81,54.52M,1.15%,0
2023-03-20,259.00,256.15,260.24,251.30,43.15M,0.68%,0
2023-03-17,257.25,259.82,263.99,256.68,84.85M,0.72%,0
2023-03-16,255.41,240.27,255.88,238.94,58.49M,5.42%,0
2023-03-15,242.28,237.61,242.86,233.60,51.77M,0.69%,0
2023-03-14,240.63,234.96,242.19,234.60,47.15M,4.78%,0
2023-03-13,229.66,227.52,232.98,222.97,42.19M,0.00%,0
2023-03-10,229.65,234.09,236.27,227.26,47.49M,-2.01%,0
2023-03-09,234.36,241.75,244.54,233.83,49.94M,-3.08%,0
2023-03-08,241.81,234.87,242.00,234.24,51.36M,3.83%,0
2023-03-07,232.88,236.00,241.25,232.41,51.52M,-1.13%,0
2023-03-06,235.54,238.91,242.48,234.87,43.74M,-1.41%,0
2023-03-03,238.90,233.20,239.00,231.30,40.94M,2.47%,0
2023-03-02,233.14,224.88,233.80,224.32,38.15M,2.71%,0
2023-03-01,226.98,231.92,232.56,225.08,45.52M,-2.23%,0
2023-02-28,232.16,233.72,238.25,232.06,45.60M,-1.21%,0
2023-02-27,235.01,236.70,238.80,234.54,45.30M,0.92%,0
2023-02-24,232.86,232.25,234.74,229.47,58.97M,-1.60%,0
2023-02-23,236.64,234.40,238.88,230.25,111.80M,14.02%,-0.25
2023-02-22,207.54,207.07,211.04,204.21,51.32M,0.48%,0
2023-02-21,206.55,210.00,214.94,206.18,41.00M,-3.43%,0
2023-02-17,213.88,216.31,217.40,209.75,46.59M,-2.79%,-0.6597
2023-02-16,220.02,221.33,225.50,219.27,40.88M,-3.35%,0
2023-02-15,227.64,225.49,228.55,221.06,42.01M,-0.90%,0
2023-02-14,229.71,215.78,230.49,213.66,67.55M,5.43%,0
2023-02-13,217.88,215.38,220.48,209.62,47.34M,2.46%,0
2023-02-10,212.65,216.90,220.78,208.11,55.07M,-4.80%,0
2023-02-09,223.37,226.06,230.20,221.20,52.10M,0.59%,0
2023-02-08,222.05,223.87,228.78,220.08,54.74M,0.14%,0
2023-02-07,221.73,213.82,222.59,211.50,66.11M,5.14%,0
2023-02-06,210.89,208.06,215.70,207.86,45.13M,-0.05%,0
2023-02-03,211.00,210.00,217.45,207.89,42.94M,-2.81%,0
2023-02-02,217.09,210.00,219.49,207.00,55.96M,3.66%,0
2023-02-01,209.43,196.91,211.92,196.11,65.55M,7.20%,0
2023-01-31,195.37,191.70,196.87,189.50,49.80M,1.96%,0
2023-01-30,191.62,199.50,201.40,191.50,48.67M,-5.91%,0
2023-01-27,203.65,194.62,206.28,194.05,54.21M,2.84%,0
2023-01-26,198.02,197.01,201.66,192.78,48.53M,2.48%,0
2023-01-25,193.23,189.13,193.70,185.80,44.76M,0.30%,0
2023-01-24,192.65,188.27,194.95,188.20,48.75M,0.38%,0
2023-01-23,191.93,180.64,192.45,178.18,65.30M,7.59%,0
2023-01-20,178.39,170.11,178.56,168.25,56.50M,6.41%,0
2023-01-19,167.65,170.36,171.97,167.31,45.14M,-3.52%,0
2023-01-18,173.77,176.67,178.73,172.82,43.96M,-1.84%,0
2023-01-17,177.02,168.99,177.28,168.99,50.94M,4.75%,0
2023-01-13,168.99,162.78,169.22,161.65,44.73M,2.35%,0
2023-01-12,165.11,161.00,166.37,154.92,55.02M,3.19%,0
2023-01-11,160.01,158.40,160.28,155.63,35.25M,0.58%,0
2023-01-10,159.09,155.07,159.62,154.72,38.33M,1.80%,0
2023-01-09,156.28,152.84,160.56,151.41,50.34M,5.18%,0
2023-01-06,148.59,144.74,150.10,140.34,40.50M,4.16%,0
2023-01-05,142.65,144.91,145.64,141.48,38.85M,-3.28%,0
2023-01-04,147.49,145.67,148.53,142.41,43.04M,3.03%,0
2023-01-03,143.15,148.51,149.96,140.96,40.06M,-2.05%,0
2022-12-30,146.14,143.34,146.29,142.33,31.05M,0.08%,0
2022-12-29,146.03,144.02,146.83,142.27,35.42M,4.04%,0
2022-12-28,140.36,139.27,142.62,138.84,35.02M,-0.60%,0
2022-12-27,141.21,150.74,151.00,140.56,46.25M,-7.14%,0
2022-12-23,152.06,151.96,153.39,148.83,34.93M,-0.87%,0
2022-12-22,153.39,160.93,161.38,148.82,56.40M,-7.04%,0
2022-12-21,165.01,161.14,166.27,161.02,32.44M,2.59%,0
2022-12-20,160.85,160.64,163.10,158.52,40.22M,-1.04%,0
2022-12-19,162.54,165.72,166.09,161.45,35.32M,-1.91%,0
2022-12-16,165.71,168.64,170.41,164.10,47.82M,-2.25%,0
2022-12-15,169.52,171.46,173.20,167.00,47.78M,-4.09%,0
2022-12-14,176.74,179.87,182.52,174.20,49.69M,-2.20%,0
2022-12-13,180.72,185.31,187.90,177.11,65.55M,3.06%,0
2022-12-12,175.35,170.37,175.38,167.97,45.48M,3.14%,-0.2856
2022-12-09,170.01,171.60,175.83,169.75,46.53M,-0.98%,0
2022-12-08,171.69,162.73,171.79,159.59,51.31M,6.51%,0
2022-12-07,161.20,157.72,161.86,156.67,37.16M,0.83%,0
2022-12-06,159.87,165.30,165.73,158.19,35.19M,-3.75%,0
2022-12-05,166.10,166.79,169.95,164.72,35.01M,-1.58%,0
2022-12-02,168.76,166.59,169.33,164.45,37.14M,-1.51%,0
2022-12-01,171.35,169.99,172.65,166.35,47.10M,1.25%,0
2022-11-30,169.23,156.97,169.30,155.97,56.53M,8.21%,0
2022-11-29,156.39,158.27,159.32,155.20,29.84M,-1.19%,0
2022-11-28,158.27,160.26,163.57,157.25,30.42M,-2.72%,0
2022-11-25,162.70,163.18,164.87,161.72,16.79M,-1.51%,0
2022-11-23,165.19,160.98,165.27,160.48,42.72M,3.00%,0
2022-11-22,160.38,153.28,160.58,151.22,47.29M,4.71%,0
2022-11-21,153.17,151.47,154.77,150.80,40.47M,-0.60%,0
2022-11-18,154.09,159.66,160.02,151.20,49.21M,-1.71%,0
2022-11-17,156.77,157.15,162.66,155.35,71.09M,-1.46%,0
2022-11-16,159.10,161.62,163.62,158.73,64.95M,-4.54%,0
2022-11-15,166.66,167.21,169.98,163.82,54.59M,2.28%,0
2022-11-14,162.95,162.18,165.40,159.22,52.79M,-0.20%,0
2022-11-11,163.27,158.07,163.89,154.82,65.55M,3.66%,0
2022-11-10,157.50,148.00,157.73,145.47,70.08M,14.33%,0
2022-11-09,137.76,141.62,142.11,137.59,45.44M,-5.66%,0
2022-11-08,146.02,148.01,148.91,142.16,59.53M,2.10%,0
2022-11-07,143.01,142.28,144.12,139.54,41.01M,1.02%,0
2022-11-04,141.56,139.86,142.29,136.97,61.26M,5.48%,0
2022-11-03,134.21,130.43,137.81,129.56,50.01M,1.53%,0
2022-11-02,132.19,138.50,142.10,132.11,67.26M,-2.39%,0
2022-11-01,135.43,138.11,139.25,135.19,43.28M,0.34%,0
2022-10-31,134.97,137.78,138.38,132.97,48.63M,-2.44%,0
2022-10-28,138.34,131.04,138.50,130.61,52.10M,4.99%,0
2022-10-27,131.76,136.30,138.38,131.22,58.31M,2.17%,0
2022-10-26,128.96,128.69,133.88,127.08,53.55M,-2.75%,0
2022-10-25,132.61,126.93,133.00,126.64,50.55M,5.25%,0
2022-10-24,125.99,125.08,127.10,120.64,51.75M,1.07%,0
2022-10-21,124.66,120.98,124.98,118.87,60.95M,2.23%,0
2022-10-20,121.94,121.13,127.69,121.05,65.24M,1.19%,0
2022-10-19,120.51,118.79,123.50,118.34,52.31M,0.70%,0
2022-10-18,119.67,123.44,124.92,116.18,65.94M,0.66%,0
2022-10-17,118.88,115.18,119.48,115.17,58.08M,5.89%,0
2022-10-14,112.27,120.57,121.11,112.04,71.34M,-6.13%,0
2022-10-13,119.60,109.71,120.78,108.13,85.01M,4.00%,0
2022-10-12,115.00,115.79,117.35,113.45,49.26M,-0.74%,0
2022-10-11,115.86,115.61,118.46,112.83,66.75M,-0.72%,0
2022-10-10,116.70,120.37,121.24,114.08,69.87M,-3.36%,0
2022-10-07,120.76,125.05,126.70,120.22,67.25M,-8.03%,0
2022-10-06,131.30,132.20,136.56,131.03,64.42M,-0.60%,0
2022-10-05,132.09,129.11,133.21,126.21,50.71M,0.32%,0
2022-10-04,131.67,128.79,132.20,128.79,58.42M,5.23%,0
2022-10-03,125.12,123.47,126.78,121.05,54.75M,3.07%,0
2022-09-30,121.39,120.87,126.33,120.75,56.56M,-0.66%,0
2022-09-29,122.20,124.48,125.00,119.46,53.28M,-4.05%,0
2022-09-28,127.36,124.10,128.23,123.54,54.24M,2.60%,0
2022-09-27,124.13,125.07,127.36,122.58,55.39M,1.51%,0
2022-09-26,122.28,124.91,126.59,122.14,54.73M,-2.30%,0
2022-09-23,125.16,124.20,126.11,122.57,66.33M,-0.36%,0
2022-09-22,125.61,130.70,131.49,124.28,75.92M,-5.28%,0
2022-09-21,132.61,132.13,140.31,131.10,80.77M,0.65%,0
2022-09-20,131.76,132.15,134.83,130.57,52.48M,-1.54%,0
2022-09-19,133.82,130.12,134.63,130.10,56.97M,1.39%,0
2022-09-16,131.98,127.42,132.12,126.17,67.08M,2.08%,0
2022-09-15,129.29,130.15,132.33,127.90,52.36M,-1.52%,0
2022-09-14,131.28,132.54,132.90,129.13,58.85M,-0.02%,0
2022-09-13,131.31,138.02,139.22,130.99,71.50M,-9.47%,0
2022-09-12,145.05,143.69,145.47,141.98,48.42M,0.82%,0
2022-09-09,143.87,141.57,144.74,141.26,48.71M,2.84%,0
2022-09-08,139.90,134.59,140.08,133.69,62.49M,2.01%,0
2022-09-07,137.14,135.63,138.38,133.46,51.27M,1.85%,0
2022-09-06,134.65,137.31,137.79,133.51,53.58M,-1.33%,0
2022-09-02,136.47,141.00,141.71,135.91,74.32M,-2.08%,0
2022-09-01,139.37,142.09,143.80,132.70,117.89M,-7.67%,-0.5615
2022-08-31,150.94,153.84,155.40,149.59,57.37M,-2.42%,0
2022-08-30,154.68,159.60,160.39,151.82,53.02M,-2.11%,0
2022-08-29,158.01,160.20,163.38,157.67,49.61M,-2.82%,0
2022-08-26,162.60,178.57,179.24,162.37,76.91M,-9.23%,0
2022-08-25,179.13,168.44,179.47,168.33,77.07M,4.01%,0
2022-08-24,172.22,170.12,174.06,168.95,52.27M,0.24%,0
2022-08-23,171.81,169.88,174.65,169.70,37.00M,0.86%,0
2022-08-22,170.34,174.90,175.58,169.66,40.96M,-4.57%,0
2022-08-19,178.49,184.06,185.20,177.70,44.16M,-4.92%,0
2022-08-18,187.73,183.01,188.65,181.83,41.54M,2.39%,0
2022-08-17,183.35,185.23,186.88,181.45,44.68M,-2.88%,0.1531
2022-08-16,188.79,189.20,191.42,185.01,45.12M,-0.80%,0
2022-08-15,190.32,187.01,191.64,186.13,45.77M,1.73%,0
2022-08-12,187.09,181.60,187.18,179.53,47.81M,4.27%,0
2022-08-11,179.42,181.31,187.07,178.76,50.93M,-0.86%,0
2022-08-10,180.97,176.98,181.18,173.17,59.74M,5.92%,0
2022-08-09,170.86,172.52,174.47,167.24,66.83M,-3.97%,0
2022-08-08,177.93,175.02,182.39,172.42,98.38M,-6.30%,0
2022-08-05,189.89,188.10,192.29,186.66,38.61M,-1.18%,0
2022-08-04,192.15,188.49,192.74,187.60,40.97M,1.70%,0
2022-08-03,188.93,181.84,189.68,181.37,41.81M,1.98%,0
2022-08-02,185.26,181.22,189.38,180.92,48.95M,0.46%,0
2022-08-01,184.41,181.82,188.46,179.90,47.65M,1.53%,0
2022-07-29,181.63,178.13,182.44,176.92,43.55M,1.00%,0
2022-07-28,179.84,179.75,181.40,174.40,47.46M,1.09%,0
2022-07-27,177.90,170.32,179.36,169.13,56.98M,7.60%,0
2022-07-26,165.33,168.89,169.19,164.78,39.79M,-2.88%,0
2022-07-25,170.24,170.19,171.24,166.49,48.07M,-1.70%,0
2022-07-22,173.19,178.93,179.67,171.37,53.67M,-4.05%,0
2022-07-21,180.50,178.85,181.44,175.45,55.70M,1.36%,0
2022-07-20,178.07,169.47,179.32,168.01,76.05M,4.80%,0
2022-07-19,169.92,164.86,171.10,161.72,70.24M,5.53%,0
2022-07-18,161.01,163.02,168.97,160.02,67.05M,2.15%,0
2022-07-15,157.62,156.59,157.82,154.45,38.59M,2.54%,0
2022-07-14,153.72,151.08,154.73,147.28,45.62M,1.37%,0
2022-07-13,151.64,145.90,153.75,144.65,52.19M,0.54%,0
2022-07-12,150.82,152.68,154.31,148.77,45.85M,-0.46%,0
2022-07-11,151.52,155.26,155.27,150.38,43.84M,-4.33%,0
2022-07-08,158.38,154.30,160.37,153.89,46.80M,-0.13%,0
2022-07-07,158.58,154.55,159.45,153.89,49.29M,4.81%,0
2022-07-06,151.30,150.10,153.19,147.89,52.91M,1.11%,0
2022-07-05,149.64,141.75,149.71,140.55,65.22M,3.04%,0
2022-07-01,145.23,148.99,150.63,143.92,57.76M,-4.20%,0
2022-06-30,151.59,153.61,155.67,148.62,68.61M,-2.46%,0
2022-06-29,155.42,158.14,158.20,151.70,48.24M,-2.75%,0
2022-06-28,159.82,169.00,172.02,159.45,46.19M,-5.26%,0
2022-06-27,168.69,173.12,173.30,166.26,42.80M,-1.50%,0
2022-06-24,171.26,165.00,171.40,163.10,47.22M,5.55%,0
2022-06-23,162.25,165.18,165.85,158.53,46.37M,-0.83%,0
2022-06-22,163.60,162.26,166.62,161.80,43.80M,-1.24%,0
2022-06-21,165.66,164.74,170.08,164.07,48.31M,4.32%,0
2022-06-17,158.80,156.48,159.95,153.28,63.03M,1.79%,0
2022-06-16,156.01,158.60,159.42,154.01,54.57M,-5.60%,0
2022-06-15,165.27,160.95,168.68,159.26,56.39M,4.36%,0
2022-06-14,158.36,157.31,160.66,154.12,46.97M,1.21%,0
2022-06-13,156.47,160.00,163.12,156.06,60.42M,-7.82%,0
2022-06-10,169.74,176.00,176.97,168.69,46.56M,-5.95%,0
2022-06-09,180.48,184.81,189.33,180.41,39.56M,-3.22%,0
2022-06-08,186.48,187.99,191.80,185.35,36.33M,-1.47%,0
2022-06-07,189.26,184.72,190.00,181.88,38.89M,0.75%,0
2022-06-06,187.86,191.39,193.37,185.64,42.24M,0.35%,0
2022-06-03,187.20,190.82,193.32,185.22,59.88M,-4.45%,0
2022-06-02,195.92,182.92,196.19,181.98,64.87M,6.94%,0
2022-06-01,183.20,187.24,190.53,181.22,54.45M,-1.89%,0
2022-05-31,186.72,189.80,192.00,183.50,66.41M,-0.74%,0
2022-05-27,188.11,181.86,188.81,181.00,73.84M,5.38%,0
2022-05-26,178.51,160.36,180.92,160.22,99.66M,5.16%,0
2022-05-25,169.75,160.20,171.11,160.00,78.11M,5.08%,0
2022-05-24,161.54,165.10,165.97,157.80,58.86M,-4.40%,0
2022-05-23,168.98,162.74,169.15,161.79,63.99M,1.22%,0
2022-05-20,166.94,173.32,174.10,157.55,73.91M,-2.51%,0
2022-05-19,171.24,169.37,176.87,167.34,62.13M,1.10%,0
2022-05-18,169.38,177.05,181.18,168.64,54.52M,-6.82%,0
2022-05-17,181.77,180.74,183.71,176.34,58.58M,5.29%,0
2022-05-16,172.64,175.09,177.88,171.06,52.14M,-2.50%,0
2022-05-13,177.06,167.88,179.28,165.93,67.04M,9.47%,0
2022-05-12,161.75,162.19,167.88,155.67,70.87M,-2.74%,0
2022-05-11,166.30,173.47,177.53,165.68,67.02M,-5.48%,0
2022-05-10,175.95,176.89,181.98,170.25,76.15M,3.81%,0
2022-05-09,169.50,180.34,182.55,168.27,64.45M,-9.24%,0
2022-05-06,186.75,187.36,195.12,179.90,63.33M,-0.90%,0
2022-05-05,188.44,198.67,199.25,185.00,62.63M,-7.33%,-0.2732
2022-05-04,203.34,199.23,204.00,187.51,64.89M,3.73%,0
2022-05-03,196.02,194.00,198.25,191.33,47.58M,0.35%,0
2022-05-02,195.33,185.40,195.74,183.91,57.20M,5.32%,0
2022-04-29,185.47,194.02,201.28,185.17,50.04M,-6.24%,0
2022-04-28,197.82,189.67,200.37,184.90,57.03M,7.42%,0
2022-04-27,184.15,185.98,191.67,182.90,49.95M,-1.99%,0
2022-04-26,187.88,197.18,197.88,186.70,65.31M,-5.60%,0
2022-04-25,199.02,192.02,199.45,190.96,64.16M,1.98%,0
2022-04-22,195.15,203.03,204.86,195.00,62.47M,-3.31%,0
2022-04-21,201.83,217.09,223.92,200.00,65.62M,-6.05%,0
2022-04-20,214.82,225.17,226.70,212.00,46.90M,-3.23%,0
2022-04-19,221.98,217.20,223.73,213.14,51.28M,1.91%,0
2022-04-18,217.83,212.00,220.88,210.79,52.57M,2.47%,0
2022-04-14,212.58,225.05,227.77,211.63,56.91M,-4.26%,0
2022-04-13,222.03,217.28,225.00,214.55,51.69M,3.25%,0
2022-04-12,215.04,225.37,227.25,212.82,66.23M,-1.88%,0
2022-04-11,219.17,222.14,223.20,216.60,57.52M,-5.20%,0
2022-04-08,231.19,239.17,239.23,230.62,52.48M,-4.50%,0
2022-04-07,242.08,244.41,247.22,234.78,55.80M,-0.82%,0
2022-04-06,244.07,249.34,253.00,240.03,70.38M,-5.88%,0
2022-04-05,259.31,272.54,273.19,258.20,43.66M,-5.22%,0
2022-04-04,273.60,267.28,275.58,266.13,39.77M,2.43%,0
2022-04-01,267.12,273.75,274.96,262.67,51.72M,-2.10%,0
2022-03-31,272.86,277.82,282.48,272.70,52.34M,-1.46%,0
2022-03-30,276.90,283.04,284.95,275.03,46.35M,-3.37%,0
2022-03-29,286.56,286.95,289.46,279.80,48.90M,1.55%,0
2022-03-28,282.19,277.55,282.50,272.06,42.55M,1.90%,0
2022-03-25,276.92,278.86,283.58,272.71,57.90M,-1.63%,0
2022-03-24,281.50,261.66,283.20,259.07,87.74M,9.82%,0
2022-03-23,256.34,261.26,266.11,255.75,50.21M,-3.36%,0
2022-03-22,265.24,267.27,272.38,260.72,54.70M,-0.79%,0
2022-03-21,267.34,265.07,271.52,259.67,59.17M,1.06%,0
2022-03-18,264.53,247.99,265.69,246.24,73.07M,6.81%,0
2022-03-17,247.66,241.20,248.42,239.06,47.19M,1.10%,0
2022-03-16,244.96,235.00,245.97,231.72,67.14M,6.63%,0
2022-03-15,229.73,215.18,230.38,213.22,49.20M,7.70%,0
2022-03-14,213.30,218.69,222.62,211.59,38.54M,-3.48%,0
2022-03-11,221.00,230.22,231.45,220.46,36.72M,-2.46%,0
2022-03-10,226.58,225.31,227.88,218.82,42.81M,-1.55%,0
2022-03-09,230.14,223.87,232.20,222.47,49.27M,6.97%,0
2022-03-08,215.14,213.09,223.73,206.50,55.75M,0.76%,0
2022-03-07,213.52,228.17,230.33,213.30,45.08M,-6.91%,0
2022-03-04,229.36,233.84,236.80,224.82,43.20M,-3.28%,0
2022-03-03,237.14,242.62,243.26,234.69,36.51M,-2.09%,0
2022-03-02,242.20,237.56,244.09,234.15,38.96M,3.16%,0
2022-03-01,234.77,242.91,243.77,231.32,41.21M,-3.72%,0
2022-02-28,243.85,239.92,246.65,237.07,47.73M,0.94%,0
2022-02-25,241.57,237.21,242.17,233.81,52.89M,1.72%,0
2022-02-24,237.48,210.15,238.00,208.90,73.58M,6.08%,0
2022-02-23,223.87,238.02,241.55,223.01,56.65M,-4.29%,0
2022-02-22,233.90,230.35,240.64,230.00,63.34M,-1.07%,0
2022-02-18,236.42,246.68,249.86,231.00,76.13M,-3.53%,0
2022-02-17,245.07,256.30,257.85,241.65,81.06M,-7.56%,0
2022-02-16,265.11,262.59,265.82,255.52,73.27M,0.06%,0
2022-02-15,264.95,249.49,265.45,247.84,70.18M,9.18%,0
2022-02-14,242.67,239.34,248.75,237.55,44.04M,1.33%,0
2022-02-11,239.49,259.16,261.52,237.73,60.55M,-7.26%,0
2022-02-10,258.24,259.95,269.25,256.00,51.32M,-3.30%,0.0
2022-02-09,267.05,256.22,267.25,253.53,52.43M,6.36%,0
2022-02-08,251.08,243.59,252.30,239.80,41.04M,1.54%,0.5114000000000001
2022-02-07,247.28,243.72,251.82,242.02,37.69M,1.68%,0
2022-02-04,243.19,239.72,246.35,236.32,35.48M,1.55%,0
2022-02-03,239.48,244.58,250.77,237.80,41.02M,-5.13%,0
2022-02-02,252.42,257.94,258.17,245.53,54.34M,2.45%,0
2022-02-01,246.38,251.04,251.45,238.90,51.89M,0.62%,0
2022-01-31,244.86,231.82,245.09,230.52,56.47M,7.21%,0
2022-01-28,228.40,220.12,228.58,212.96,54.38M,4.08%,0
2022-01-27,219.44,235.68,239.95,216.75,57.34M,-3.64%,0
2022-01-26,227.72,232.40,240.57,223.00,75.60M,2.01%,0.8316
2022-01-25,223.24,225.46,229.43,220.00,66.46M,-4.48%,0.0
2022-01-24,233.72,223.30,233.80,208.88,91.58M,-0.01%,0
2022-01-21,233.74,235.07,248.23,232.63,71.90M,-3.21%,0
2022-01-20,241.50,253.04,255.79,240.78,43.52M,-3.66%,0
2022-01-19,250.67,260.79,265.43,250.52,48.83M,-3.23%,0
2022-01-18,259.03,262.60,266.38,257.70,42.53M,-3.86%,0
2022-01-14,269.42,263.00,271.97,262.10,39.58M,1.38%,0
2022-01-13,265.75,283.79,284.80,264.98,53.89M,-5.09%,0
2022-01-12,279.99,280.67,285.95,276.08,38.34M,0.65%,0
2022-01-11,278.17,273.23,280.65,268.39,40.41M,1.52%,0
2022-01-10,274.00,265.81,274.69,256.44,59.47M,0.56%,0
2022-01-07,272.47,281.41,284.22,270.57,40.99M,-3.30%,0
2022-01-06,281.78,276.40,284.38,270.65,45.42M,2.08%,0
2022-01-05,276.04,289.49,294.16,275.33,49.81M,-5.76%,0
2022-01-04,292.90,302.77,304.68,283.49,52.72M,-2.76%,0
2022-01-03,301.21,298.15,307.11,297.85,39.24M,2.41%,0
2021-12-31,294.11,296.74,300.30,293.31,26.65M,-0.59%,0
2021-12-30,295.86,298.27,304.57,295.40,30.89M,-1.38%,0
2021-12-29,300.01,302.73,305.48,293.66,34.31M,-1.06%,0
2021-12-28,303.22,313.12,313.30,300.12,42.06M,-2.01%,0
2021-12-27,309.45,296.60,310.86,296.40,40.37M,4.40%,0
2021-12-23,296.40,297.55,300.59,294.31,34.30M,0.82%,0
2021-12-22,294.00,288.91,295.55,284.49,39.52M,1.12%,0
2021-12-21,290.75,283.74,291.20,274.01,52.44M,4.89%,0
2021-12-20,277.19,273.05,281.44,271.45,46.18M,-0.29%,0
2021-12-17,278.01,279.85,289.22,277.60,71.66M,-2.06%,0
2021-12-16,283.87,311.52,311.60,280.93,70.74M,-6.80%,0
2021-12-15,304.59,284.00,305.00,278.38,69.83M,7.49%,0
2021-12-14,283.37,276.99,286.78,272.50,66.70M,0.62%,0
2021-12-13,281.61,302.49,302.94,281.16,59.83M,-6.75%,0
2021-12-10,301.98,311.50,313.05,298.61,48.88M,-0.96%,0
2021-12-09,304.90,317.34,322.05,304.28,48.85M,-4.20%,0
2021-12-08,318.26,319.99,322.90,314.21,47.56M,-1.85%,0
2021-12-07,324.27,309.57,324.49,306.51,59.31M,7.96%,0
2021-12-06,300.37,298.80,302.41,280.38,65.89M,-2.14%,0
2021-12-03,306.93,320.00,321.29,301.30,54.43M,-4.46%,0
2021-12-02,321.26,312.14,324.78,310.25,47.29M,2.20%,-0.296
2021-12-01,314.35,332.19,332.89,313.80,48.58M,-3.80%,0
2021-11-30,326.76,331.69,333.53,318.64,62.21M,-2.10%,0
2021-11-29,333.76,323.66,334.12,320.36,45.50M,5.95%,0
2021-11-26,315.03,326.00,327.10,313.50,28.31M,-3.58%,0
2021-11-24,326.74,314.61,328.55,309.28,43.52M,2.92%,0
2021-11-23,317.46,315.35,323.60,308.80,53.22M,-0.66%,0
2021-11-22,319.56,335.17,346.47,319.00,75.43M,-3.12%,0
2021-11-19,329.85,322.43,330.88,319.05,53.39M,4.14%,0.0
2021-11-18,316.75,323.67,327.60,313.21,78.17M,8.25%,0.7717
2021-11-17,292.61,304.18,305.09,288.00,42.85M,-3.12%,0
2021-11-16,302.03,297.59,303.90,297.06,26.45M,0.59%,-0.18379999999999996
2021-11-15,300.25,305.52,306.44,292.47,38.49M,-1.20%,0
2021-11-12,303.90,300.10,306.80,296.30,41.31M,0.00%,0
2021-11-11,303.90,304.68,305.90,297.77,33.22M,3.16%,0
2021-11-10,294.59,293.56,308.50,287.78,63.62M,-3.91%,0
2021-11-09,306.57,322.82,323.10,299.64,64.67M,-0.48%,0
2021-11-08,308.04,301.49,311.00,299.07,50.31M,3.54%,0
2021-11-05,297.52,301.87,314.00,294.10,85.13M,-0.16%,0
2021-11-04,298.01,272.29,313.65,271.18,115.36M,12.04%,0
2021-11-03,265.98,266.70,267.84,262.35,23.99M,0.75%,0
2021-11-02,264.01,258.22,266.78,258.00,29.41M,2.22%,0
2021-11-01,258.27,256.49,258.94,252.27,26.57M,1.02%,0
2021-10-29,255.67,250.01,257.09,250.00,29.25M,2.51%,0
2021-10-28,249.41,248.78,249.50,245.23,23.42M,2.00%,0
2021-10-27,244.51,244.74,250.90,242.82,24.60M,-1.08%,0
2021-10-26,247.17,239.89,252.59,239.24,48.59M,6.70%,0
2021-10-25,231.66,229.73,233.55,227.70,23.02M,1.94%,0
2021-10-22,227.26,228.23,231.30,225.61,24.94M,0.15%,0
2021-10-21,226.92,220.97,227.11,220.83,18.76M,2.66%,0
2021-10-20,221.03,223.04,224.33,219.82,14.63M,-0.84%,0
2021-10-19,222.90,222.76,223.79,220.37,16.15M,0.31%,0
2021-10-18,222.22,217.49,222.91,216.44,18.95M,1.65%,0
2021-10-15,218.62,218.10,219.31,216.62,22.70M,0.53%,0
2021-10-14,217.46,212.88,217.55,211.22,24.36M,3.85%,0
2021-10-13,209.39,209.18,209.90,207.13,18.07M,1.30%,0
2021-10-12,206.71,208.27,210.57,205.28,16.21M,-0.12%,0
2021-10-11,206.95,205.75,210.63,205.11,16.34M,-0.65%,0
2021-10-08,208.31,211.01,212.06,207.75,15.13M,-1.16%,0
2021-10-07,210.75,210.92,213.22,209.72,25.69M,1.81%,0
2021-10-06,207.00,201.20,207.20,200.80,29.72M,1.22%,0
2021-10-05,204.51,199.50,206.48,198.54,27.93M,3.64%,0
2021-10-04,197.32,205.04,205.42,195.55,34.56M,-4.87%,0
2021-10-01,207.42,207.50,208.59,202.03,24.10M,0.13%,0
2021-09-30,207.16,207.68,210.66,206.88,22.10M,0.97%,0
2021-09-29,205.17,209.40,210.17,204.67,21.84M,-0.88%,0
2021-09-28,206.99,212.13,214.19,206.51,34.31M,-4.44%,0
2021-09-27,216.60,217.10,217.99,213.25,24.52M,-1.91%,0
2021-09-24,220.81,220.70,221.49,218.61,21.77M,-1.78%,0
2021-09-23,224.82,221.40,225.35,218.90,24.86M,2.47%,0
2021-09-22,219.41,213.65,219.60,211.96,26.87M,3.27%,0
2021-09-21,212.46,214.16,214.25,209.50,20.47M,0.63%,0
2021-09-20,211.13,211.46,214.33,206.62,34.94M,-3.59%,0
2021-09-17,219.00,223.00,223.21,218.30,29.45M,-1.54%,0
2021-09-16,222.42,221.83,222.77,219.27,15.60M,-0.44%,0
2021-09-15,223.41,223.09,223.67,219.66,16.65M,0.45%,0
2021-09-14,222.42,222.75,224.10,220.86,19.98M,0.41%,0
2021-09-13,221.52,226.84,229.64,218.58,29.75M,-1.45%,0.7096
2021-09-10,224.78,223.48,226.26,222.70,24.84M,1.36%,0
2021-09-09,221.77,223.12,225.38,221.31,19.69M,-0.73%,0
2021-09-08,223.39,225.13,226.10,219.77,25.44M,-1.43%,0
2021-09-07,226.62,228.33,228.99,225.22,19.81M,-0.79%,-0.4939
2021-09-03,228.43,223.25,229.86,222.00,28.08M,2.00%,0
2021-09-02,223.96,225.18,225.93,222.95,18.81M,-0.20%,0
2021-09-01,224.41,224.85,226.97,223.57,20.18M,0.25%,0
2021-08-31,223.85,226.95,226.95,221.20,25.98M,-1.34%,0
2021-08-30,226.88,228.30,230.43,225.51,26.26M,0.23%,0
2021-08-27,226.36,221.84,227.22,221.67,30.47M,2.57%,0.5994
2021-08-26,220.68,222.00,223.40,217.90,23.79M,-0.65%,0
2021-08-25,222.13,217.37,224.70,217.22,34.77M,1.93%,0
2021-08-24,217.93,217.53,219.59,215.35,29.73M,-0.75%,0
2021-08-23,219.58,209.71,219.97,209.50,57.58M,5.49%,0
2021-08-20,208.16,199.91,208.65,199.33,67.57M,5.14%,0.2263
2021-08-19,197.98,194.94,204.95,187.62,76.66M,3.98%,0.8555
2021-08-18,190.40,195.00,196.34,190.00,28.59M,-2.15%,0
2021-08-17,194.58,196.85,197.70,192.67,20.46M,-2.47%,0
2021-08-16,199.50,201.35,202.87,194.53,21.12M,-1.18%,0
2021-08-13,201.88,199.05,202.14,198.51,18.31M,1.42%,0
2021-08-12,199.05,198.70,200.29,196.20,15.19M,1.05%,0
2021-08-11,196.99,200.43,200.49,194.30,18.59M,-1.19%,0
2021-08-10,199.36,203.22,204.30,198.35,17.92M,-1.77%,0
2021-08-09,202.95,204.46,205.08,201.43,14.64M,-0.35%,0
2021-08-06,203.66,205.24,205.70,202.10,17.85M,-1.31%,0
2021-08-05,206.37,205.00,207.33,203.42,21.14M,1.79%,0
2021-08-04,202.74,199.90,203.18,198.28,23.13M,2.32%,0
2021-08-03,198.15,197.40,202.22,192.20,30.18M,0.33%,-0.0772
2021-08-02,197.50,197.00,199.61,193.61,21.74M,1.29%,0
2021-07-30,194.99,194.18,196.30,192.63,18.35M,-0.83%,0
2021-07-29,196.62,195.19,198.53,193.28,19.08M,0.82%,0
2021-07-28,195.03,193.19,196.46,189.95,20.22M,1.54%,0
2021-07-27,192.08,192.65,196.22,187.41,24.89M,-0.45%,0
2021-07-26,192.94,193.11,194.42,189.14,20.39M,-1.35%,0
2021-07-23,195.58,196.56,197.00,192.50,19.57M,-0.18%,0
2021-07-22,195.94,196.42,198.87,192.76,32.38M,0.95%,0
2021-07-21,194.10,188.82,195.27,187.42,37.10M,4.29%,0
2021-07-20,186.12,187.30,188.38,181.64,43.47M,-0.89%,0
2021-07-19,187.80,179.15,190.42,178.65,74.91M,3.41%,0
2021-07-16,181.61,190.30,191.57,180.73,68.82M,-4.25%,0
2021-07-15,189.66,198.12,198.47,188.59,55.06M,-4.41%,0
2021-07-14,198.41,203.58,204.18,197.53,38.01M,-2.02%,0
2021-07-13,202.50,204.01,204.61,201.14,29.07M,-1.28%,0
2021-07-12,205.13,202.40,205.33,201.88,32.20M,2.31%,0
2021-07-09,200.50,199.63,200.80,197.54,29.66M,0.74%,0
2021-07-08,199.03,198.57,201.33,197.01,50.33M,-2.30%,0
2021-07-07,203.72,208.54,208.75,203.32,41.84M,-1.58%,0
2021-07-06,206.99,207.38,208.42,203.50,44.67M,1.03%,0
2021-07-02,204.87,204.40,205.05,202.88,34.34M,1.36%,0
2021-07-01,202.12,201.25,204.56,200.19,48.01M,1.05%,0
2021-06-30,200.02,199.99,201.63,198.64,32.66M,-0.12%,0
2021-06-29,200.27,198.82,200.99,196.57,36.76M,0.21%,0
2021-06-28,199.85,193.61,200.79,193.19,49.54M,5.01%,0
2021-06-25,190.31,192.80,193.46,188.94,27.84M,-0.91%,0
2021-06-24,192.05,192.28,194.20,190.88,32.09M,0.78%,0
2021-06-23,190.57,190.08,191.53,189.08,33.24M,0.90%,0
2021-06-22,188.87,184.71,189.64,183.86,58.01M,2.49%,-0.6486
2021-06-21,184.27,184.35,185.37,178.23,67.24M,-1.13%,0
2021-06-18,186.39,187.84,193.75,185.84,96.89M,-0.10%,0
2021-06-17,186.57,177.75,188.35,177.56,80.97M,4.76%,0
2021-06-16,178.10,177.91,179.55,175.84,30.71M,0.12%,0
2021-06-15,177.88,179.15,180.16,177.28,24.30M,-1.28%,0
2021-06-14,180.19,179.06,180.40,176.63,32.14M,1.09%,0
2021-06-11,178.25,174.79,179.39,174.44,41.63M,2.30%,0
2021-06-10,174.25,173.50,174.92,171.76,28.78M,0.38%,0
2021-06-09,173.58,175.16,175.75,172.56,38.17M,-0.57%,0.0
2021-06-08,174.57,175.27,176.22,172.51,32.38M,-0.92%,0.2732
2021-06-07,176.19,175.71,178.13,171.93,57.58M,0.23%,0
2021-06-04,175.78,171.13,176.61,170.96,61.71M,3.59%,0
2021-06-03,169.70,167.01,172.59,165.83,58.00M,1.14%,0
2021-06-02,167.78,162.52,169.19,162.35,59.42M,3.16%,0
2021-06-01,162.65,162.70,163.88,159.03,47.28M,0.12%,0
2021-05-28,162.45,155.01,162.77,155.01,64.45M,4.88%,0
2021-05-27,154.88,157.00,157.50,154.60,58.15M,-1.35%,0
2021-05-26,157.00,157.34,157.94,155.86,37.04M,0.33%,0
2021-05-25,156.48,157.66,158.18,154.82,43.54M,0.23%,0
2021-05-24,156.12,152.13,157.45,151.76,55.48M,4.14%,0
2021-05-21,149.92,151.64,152.22,148.69,67.30M,2.60%,0
2021-05-20,146.13,143.02,146.84,142.71,32.16M,3.89%,0
2021-05-19,140.66,135.66,140.79,135.43,34.40M,0.36%,0
2021-05-18,140.16,142.67,144.04,140.04,18.63M,-1.06%,-0.743
2021-05-17,141.65,141.57,141.69,138.54,21.70M,-0.54%,0
2021-05-14,142.43,138.90,143.28,137.49,25.86M,4.23%,0
2021-05-13,136.65,140.34,140.81,134.59,28.57M,-0.68%,0.0
2021-05-12,137.59,140.10,142.60,137.09,30.34M,-3.83%,0
2021-05-11,143.06,138.25,143.55,137.50,28.56M,0.28%,0
2021-05-10,142.66,147.87,148.06,142.50,26.89M,-3.69%,0
2021-05-07,148.12,148.08,149.71,146.72,22.93M,1.99%,0
2021-05-06,145.23,144.95,145.71,142.18,19.34M,0.45%,0
2021-05-05,144.59,147.09,148.13,143.88,29.20M,0.75%,0
2021-05-04,143.51,146.37,146.38,140.10,40.53M,-3.27%,0
2021-05-03,148.37,151.25,152.47,147.88,20.39M,-1.15%,0
2021-04-30,150.10,151.74,153.65,149.97,20.19M,-2.06%,0
2021-04-29,153.25,154.00,154.37,150.71,17.32M,0.31%,0
2021-04-28,152.77,153.65,155.32,152.16,20.94M,-0.68%,0
2021-04-27,153.82,155.79,156.71,153.54,16.46M,-0.62%,0
2021-04-26,154.78,151.85,154.79,151.25,19.78M,1.39%,0
2021-04-23,152.65,149.34,153.35,149.00,22.78M,2.79%,0.0
2021-04-22,148.50,153.75,154.39,147.84,27.78M,-3.32%,0
2021-04-21,153.60,151.19,153.63,151.02,21.68M,1.25%,0
2021-04-20,151.71,153.23,154.97,149.63,33.41M,-1.24%,0.1531
2021-04-19,153.62,155.37,158.07,152.33,40.44M,-3.46%,0.6486
2021-04-16,159.13,160.53,161.66,158.65,33.52M,-1.39%,0
2021-04-15,161.37,156.63,162.14,156.32,59.85M,5.63%,0
2021-04-14,152.77,156.25,157.20,152.27,38.55M,-2.57%,0
2021-04-13,156.79,152.32,157.00,151.26,67.62M,3.09%,0
2021-04-12,152.09,142.90,153.52,141.39,86.93M,5.62%,0.25
2021-04-09,144.00,142.14,144.08,141.75,19.52M,0.58%,0
2021-04-08,143.17,142.53,144.71,142.49,24.44M,1.23%,0
2021-04-07,141.43,138.81,142.43,137.12,25.13M,2.03%,0
2021-04-06,138.62,140.00,140.54,137.74,19.17M,-0.90%,0
2021-04-05,139.88,138.68,140.14,137.33,25.57M,1.27%,0
2021-04-01,138.12,135.72,138.70,135.11,30.83M,3.47%,0
2021-03-31,133.48,130.15,134.71,129.82,31.48M,3.70%,0
2021-03-30,128.72,128.42,129.75,127.05,20.02M,-0.59%,0
2021-03-29,129.48,128.20,130.63,127.00,27.35M,0.85%,0
2021-03-26,128.39,125.54,128.56,123.74,36.40M,2.43%,0
2021-03-25,125.35,125.00,127.15,122.72,29.51M,-0.85%,0
2021-03-24,126.43,131.51,131.59,126.37,24.58M,-3.27%,0
2021-03-23,130.71,132.54,133.45,130.21,22.20M,-0.88%,0
2021-03-22,131.86,129.13,133.95,129.07,29.78M,2.65%,0
2021-03-19,128.46,127.50,129.21,126.13,29.92M,0.97%,0
2021-03-18,127.22,131.37,131.84,127.17,29.42M,-4.64%,0
2021-03-17,133.41,130.40,134.53,129.90,24.39M,0.38%,0
2021-03-16,132.91,133.57,135.13,131.17,27.21M,0.76%,0
2021-03-15,131.91,128.65,132.07,127.67,22.25M,2.61%,0
2021-03-12,128.56,126.48,128.89,125.90,24.40M,-1.06%,0
2021-03-11,129.93,129.50,130.46,127.35,29.99M,4.21%,0
2021-03-10,124.68,128.40,129.80,124.57,38.44M,-0.42%,0
2021-03-09,125.20,121.30,126.17,120.59,52.18M,8.00%,0.3818
2021-03-08,115.93,124.50,124.71,115.67,54.31M,-6.97%,0
2021-03-05,124.61,125.50,125.50,116.79,54.28M,0.74%,0
2021-03-04,123.70,128.01,129.75,120.84,57.33M,-3.39%,0
2021-03-03,128.05,134.26,134.51,127.99,37.76M,-4.49%,0
2021-03-02,134.06,139.00,139.21,133.96,26.41M,-3.15%,0
2021-03-01,138.42,138.75,139.25,135.53,35.32M,0.93%,0
2021-02-26,137.15,137.52,138.54,133.61,50.09M,3.06%,0
2021-02-25,133.07,140.45,143.75,132.16,82.44M,-8.22%,0
2021-02-24,144.99,141.23,145.07,137.56,44.83M,2.52%,0.25
2021-02-23,141.42,140.75,142.39,133.90,39.18M,-1.49%,0
2021-02-22,143.56,147.75,151.33,143.25,32.59M,-3.82%,0
2021-02-19,149.26,150.24,151.77,148.47,27.17M,0.66%,0
2021-02-18,148.29,147.29,148.73,145.75,23.41M,-0.52%,0
2021-02-17,149.06,151.71,152.24,147.80,27.57M,-2.77%,0
2021-02-16,153.30,150.64,153.73,149.50,32.20M,2.47%,0
2021-02-12,149.61,150.50,152.91,147.75,37.48M,-1.90%,0
2021-02-11,152.51,149.80,152.72,149.25,45.08M,3.30%,0
2021-02-10,147.64,144.63,149.05,143.41,48.54M,3.51%,0
2021-02-09,142.63,143.41,145.83,142.23,28.76M,-1.22%,0
2021-02-08,144.39,137.27,144.74,137.27,43.46M,6.24%,0
2021-02-05,135.91,137.25,137.37,135.46,16.92M,-0.54%,0
2021-02-04,136.64,135.31,136.74,133.38,20.13M,0.99%,-0.4215
2021-02-03,135.30,136.36,139.32,135.16,24.54M,-0.19%,0
2021-02-02,135.57,133.99,135.72,132.85,22.04M,2.42%,0
2021-02-01,132.37,130.53,132.71,129.03,21.72M,1.90%,0
2021-01-29,129.90,130.75,133.35,129.12,27.16M,-0.47%,0
2021-01-28,130.51,129.96,133.40,129.60,22.83M,1.03%,0
2021-01-27,129.18,132.30,132.33,127.94,37.13M,-3.85%,0
2021-01-26,134.35,135.80,136.45,133.88,16.40M,-1.60%,0
2021-01-25,136.53,137.82,138.29,132.36,25.11M,-0.43%,0
2021-01-22,137.13,137.40,138.42,136.27,24.68M,-1.12%,0
2021-01-21,138.68,134.19,139.99,132.53,33.83M,3.75%,0
2021-01-20,133.66,131.12,134.30,130.57,25.86M,2.61%,0
2021-01-19,130.25,130.16,130.94,128.44,22.62M,1.29%,0
2021-01-15,128.60,132.28,133.25,128.49,27.78M,-2.58%,0
2021-01-14,132.00,135.75,136.00,131.80,28.31M,-2.45%,0
2021-01-13,135.32,134.90,136.25,133.85,21.00M,0.35%,0
2021-01-12,134.85,137.52,137.54,133.45,29.15M,-1.00%,0
2021-01-11,136.21,134.19,139.61,133.63,51.90M,2.60%,0
2021-01-08,132.77,133.63,134.21,130.42,29.25M,-0.50%,0
2021-01-07,133.44,129.68,133.78,128.87,46.15M,5.78%,0
2021-01-06,126.14,132.23,132.45,125.86,58.04M,-5.90%,0.0
2021-01-05,134.05,131.00,134.43,130.87,32.28M,2.22%,0
2021-01-04,131.13,131.04,136.52,129.63,56.06M,0.45%,0
2020-12-31,130.55,131.37,131.51,129.15,19.24M,-0.69%,0
2020-12-30,131.46,129.90,132.14,128.97,22.54M,1.56%,0
2020-12-29,129.43,129.25,130.73,128.42,17.04M,0.34%,0
2020-12-28,129.00,130.63,130.63,127.63,21.26M,-0.72%,0
2020-12-24,129.94,130.37,131.32,129.39,9.79M,-0.12%,0
2020-12-23,130.09,132.56,132.75,130.05,17.91M,-2.03%,0
2020-12-22,132.78,133.19,133.37,130.54,18.63M,-0.41%,0
2020-12-21,133.32,130.75,133.70,129.68,30.23M,0.45%,0
2020-12-18,132.72,133.79,134.05,130.71,34.21M,-0.52%,0
2020-12-17,133.41,133.67,133.79,131.79,23.14M,0.75%,0
2020-12-16,132.43,134.22,134.37,132.13,22.31M,-0.88%,0
2020-12-15,133.60,134.40,134.64,131.87,19.35M,0.39%,0
2020-12-14,133.09,130.88,133.89,130.77,27.02M,2.27%,0
2020-12-11,130.13,129.67,130.20,128.23,20.93M,0.32%,0
2020-12-10,129.72,128.69,130.69,128.49,20.78M,0.32%,0
2020-12-09,129.31,133.01,134.14,128.68,40.13M,-3.14%,0
2020-12-08,133.50,135.85,135.99,132.82,27.19M,-1.89%,0
2020-12-07,136.07,136.01,137.31,135.00,22.32M,0.36%,0
2020-12-04,135.58,134.49,135.60,133.89,20.22M,1.21%,0
2020-12-03,133.96,135.88,136.60,133.29,19.95M,-1.10%,0
2020-12-02,135.45,133.51,136.73,132.34,28.34M,1.15%,0
2020-12-01,133.90,134.92,135.29,132.28,29.76M,-0.09%,0
2020-11-30,134.01,132.65,134.13,129.72,28.70M,1.06%,0
2020-11-27,132.61,133.75,134.07,131.71,16.73M,0.20%,0
2020-11-25,132.35,130.32,132.69,130.20,25.99M,2.14%,0
2020-11-24,129.58,131.43,131.62,128.85,34.65M,-1.39%,0
2020-11-23,131.40,131.71,133.82,130.15,36.14M,0.40%,0
2020-11-20,130.88,134.54,134.94,130.65,34.11M,-2.62%,0
2020-11-19,134.40,132.13,134.88,131.00,56.59M,0.09%,0.7209
2020-11-18,134.29,134.65,136.06,131.85,51.09M,0.05%,0
2020-11-17,134.22,135.52,135.96,133.04,31.20M,-0.69%,0
2020-11-16,135.15,131.73,136.49,131.56,41.38M,1.64%,0
2020-11-13,132.97,136.27,136.69,130.59,34.68M,-1.19%,0
2020-11-12,134.57,134.79,137.66,133.16,36.66M,0.29%,0
2020-11-11,134.18,130.54,134.35,129.48,40.47M,5.07%,0
2020-11-10,127.70,136.07,136.07,126.28,64.41M,-6.31%,0
2020-11-09,136.31,145.52,146.91,136.11,58.30M,-6.40%,0
2020-11-06,145.62,141.10,145.89,138.95,38.33M,2.84%,0
2020-11-05,141.60,141.63,143.39,139.91,31.90M,2.65%,0
2020-11-04,137.94,133.89,138.27,133.37,41.02M,5.95%,0
2020-11-03,130.20,127.08,131.05,126.03,27.29M,3.49%,-1.3465
2020-11-02,125.81,126.58,128.37,123.95,29.97M,0.37%,0
2020-10-30,125.34,128.50,129.36,123.00,41.74M,-3.76%,0
2020-10-29,130.24,128.38,131.93,127.50,32.01M,3.14%,0
2020-10-28,126.27,131.98,132.60,126.09,37.65M,-5.75%,-0.6872
2020-10-27,133.97,133.06,134.42,131.91,25.05M,1.94%,0
2020-10-26,131.41,134.27,136.93,130.38,33.69M,-3.30%,0
2020-10-23,135.90,134.50,135.93,132.91,23.35M,1.72%,0
2020-10-22,133.61,135.23,136.12,132.32,29.05M,-1.21%,0
2020-10-21,135.25,136.25,137.91,134.78,21.96M,-0.88%,0
2020-10-20,136.46,135.84,138.00,135.07,22.92M,1.09%,0
2020-10-19,134.98,139.03,139.83,134.07,29.81M,-2.27%,0
2020-10-16,138.12,140.37,141.21,137.93,24.26M,-1.13%,0
2020-10-15,139.70,138.11,140.06,137.68,26.72M,-0.89%,0
2020-10-14,140.95,142.90,143.43,139.60,27.66M,-1.07%,0
2020-10-13,142.48,142.96,143.48,140.19,34.46M,0.16%,0
2020-10-12,142.26,139.90,143.47,139.13,43.47M,3.37%,0
2020-10-09,137.63,137.67,138.24,136.61,34.69M,-0.55%,-0.4588
2020-10-08,138.39,140.75,140.85,137.58,37.89M,-0.90%,0
2020-10-07,139.64,140.00,141.19,138.63,41.81M,1.66%,-0.128
2020-10-06,137.37,138.30,141.42,136.65,78.44M,0.69%,0
2020-10-05,136.43,132.36,136.44,132.23,47.98M,4.44%,0.5256
2020-10-02,130.62,132.25,135.20,130.51,55.25M,-4.06%,0
2020-10-01,136.15,137.58,137.63,134.61,52.50M,0.62%,0.1779
2020-09-30,135.30,131.57,136.23,131.50,68.92M,2.30%,0
2020-09-29,132.26,129.38,134.43,129.33,62.30M,1.46%,0
2020-09-28,130.35,130.40,130.52,127.50,57.38M,1.25%,0
2020-09-25,128.74,124.47,128.84,122.46,58.80M,4.26%,0
2020-09-24,123.48,120.72,125.69,120.14,73.12M,1.85%,0
2020-09-23,121.24,125.75,127.27,120.79,64.70M,-4.07%,0
2020-09-22,126.38,125.75,126.48,121.56,64.65M,0.96%,0
2020-09-21,125.17,119.25,125.22,119.04,72.10M,2.69%,0
2020-09-18,121.89,125.94,126.32,119.89,69.85M,-2.20%,1.092
2020-09-17,124.64,121.32,125.90,120.35,79.25M,-0.41%,-0.743
2020-09-16,125.14,129.57,130.93,125.14,55.76M,-3.67%,0.5859
2020-09-15,129.91,132.80,132.99,128.28,72.76M,0.92%,0.3658
2020-09-14,128.72,130.81,133.15,126.31,120.17M,5.82%,0.005199999999999982
2020-09-11,121.64,124.86,126.53,118.96,63.69M,-1.20%,0
2020-09-10,123.12,129.89,130.65,121.67,69.87M,-3.17%,0.34
2020-09-09,127.15,124.00,128.09,122.32,73.62M,6.73%,0
2020-09-08,119.13,117.35,125.50,117.04,79.57M,-5.62%,0
2020-09-04,126.22,127.84,131.75,117.05,146.37M,-3.02%,0
2020-09-03,130.15,138.29,138.85,128.79,94.51M,-9.28%,0
2020-09-02,143.46,147.04,147.27,139.00,87.40M,3.80%,0
2020-09-01,138.21,134.80,139.94,134.37,51.25M,3.34%,0
2020-08-31,133.74,131.83,135.75,130.38,50.08M,1.72%,0
2020-08-28,131.48,126.75,131.48,126.43,53.72M,4.11%,0
2020-08-27,126.28,127.82,128.50,125.66,31.76M,-1.13%,0
2020-08-26,127.73,127.99,128.68,126.78,32.12M,0.18%,0
2020-08-25,127.50,126.31,127.61,125.74,28.91M,0.23%,0
2020-08-24,127.20,128.84,129.13,125.07,49.06M,0.29%,0
2020-08-21,126.83,122.02,128.09,121.95,99.99M,4.47%,0.2023
2020-08-20,121.41,119.75,123.75,118.79,92.14M,0.02%,0.0
2020-08-19,121.39,122.96,123.15,120.98,62.26M,-1.00%,0
2020-08-18,122.61,124.50,124.96,120.86,50.34M,-0.62%,0
2020-08-17,123.37,118.51,124.10,118.17,62.13M,6.68%,0
2020-08-14,115.64,115.30,117.05,114.40,36.64M,1.06%,0
2020-08-13,114.43,115.46,117.22,113.56,37.45M,0.02%,0
2020-08-12,114.40,109.91,114.67,109.58,46.49M,5.44%,0
2020-08-11,108.50,110.74,111.37,107.96,35.45M,-2.82%,0
2020-08-10,111.65,113.34,114.08,108.57,42.78M,-0.31%,0
2020-08-07,112.00,113.13,115.05,110.38,34.25M,-1.20%,0
2020-08-06,113.36,113.50,113.58,111.79,24.43M,0.43%,0
2020-08-05,112.87,112.44,113.72,111.66,25.05M,0.53%,0
2020-08-04,112.28,110.50,112.28,109.06,31.03M,1.98%,0
2020-08-03,110.10,107.32,110.99,107.15,41.30M,3.73%,0
2020-07-31,106.15,105.63,107.67,104.33,38.63M,0.01%,0.0
2020-07-30,106.14,103.75,106.23,102.95,30.89M,1.42%,0
2020-07-29,104.65,103.91,105.16,103.47,28.45M,2.45%,0
2020-07-28,102.15,103.74,103.82,102.09,27.16M,-1.98%,0
2020-07-27,104.21,102.32,104.42,102.18,29.21M,2.23%,0
2020-07-24,101.94,98.75,103.65,97.77,47.33M,0.64%,0
2020-07-23,101.30,104.50,105.47,100.31,41.17M,-2.96%,0
2020-07-22,104.39,103.68,106.03,102.92,36.73M,1.07%,0
2020-07-21,103.29,105.13,105.60,102.87,27.77M,-1.73%,0
2020-07-20,105.11,102.74,105.31,101.57,28.49M,3.03%,0
2020-07-17,102.02,102.25,102.48,100.88,26.63M,0.66%,0
2020-07-16,101.35,100.15,102.07,98.95,34.50M,-0.90%,0
2020-07-15,102.27,104.14,104.33,100.56,40.40M,-1.45%,0
2020-07-14,103.77,100.75,104.03,97.86,54.27M,3.23%,0
2020-07-13,100.52,105.95,107.92,100.25,45.71M,-4.07%,0
2020-07-10,104.79,105.89,106.55,103.79,49.77M,-0.29%,0
2020-07-09,105.09,103.80,105.70,102.33,49.45M,2.87%,0
2020-07-08,102.16,99.94,102.25,99.66,36.55M,3.48%,0
2020-07-07,98.72,99.46,100.70,98.51,35.78M,0.34%,0
2020-07-06,98.39,97.42,99.09,97.12,31.59M,2.36%,0
2020-07-02,96.12,96.39,97.38,95.78,36.41M,0.86%,0
2020-07-01,95.30,95.21,95.76,94.13,32.66M,0.34%,0
2020-06-30,94.98,93.14,95.26,92.67,36.79M,3.24%,0
2020-06-29,92.00,91.70,92.05,89.00,34.22M,0.49%,0
2020-06-26,91.55,95.00,95.00,91.25,59.21M,-3.53%,0
2020-06-25,94.90,93.56,95.05,91.82,37.61M,2.75%,0
2020-06-24,92.36,94.76,95.56,91.45,44.94M,-2.26%,-0.3182
2020-06-23,94.50,95.51,96.42,94.08,37.51M,-0.81%,0
2020-06-22,95.27,93.00,95.31,92.73,39.85M,2.87%,0
2020-06-19,92.61,92.42,94.45,92.27,52.42M,0.47%,0
2020-06-18,92.18,92.27,92.83,91.14,25.44M,-0.19%,0
2020-06-17,92.36,91.14,92.99,90.70,40.83M,1.84%,0
2020-06-16,90.69,92.25,92.67,88.39,53.57M,-1.14%,0
2020-06-15,91.74,88.15,91.82,87.44,40.00M,2.70%,0
2020-06-12,89.33,91.62,91.87,87.03,57.09M,1.56%,0
2020-06-11,87.96,91.50,92.61,87.86,58.37M,-6.10%,0
2020-06-10,93.67,91.68,95.00,91.53,63.22M,3.55%,0
2020-06-09,90.46,88.00,91.10,87.51,46.85M,2.74%,0
2020-06-08,88.05,88.77,88.90,86.86,38.77M,-1.29%,0
2020-06-05,89.20,87.94,89.97,87.08,48.17M,1.75%,0
2020-06-04,87.67,87.28,89.43,86.78,42.43M,-0.02%,0
2020-06-03,87.69,88.22,88.66,87.00,36.54M,-0.63%,0
2020-06-02,88.25,87.96,88.37,86.58,39.13M,0.22%,0
2020-06-01,88.06,88.33,88.41,86.89,39.05M,-0.78%,0
2020-05-29,88.75,85.55,88.75,84.85,74.59M,4.57%,0
2020-05-28,84.87,84.12,87.61,83.79,73.61M,-0.45%,0
2020-05-27,85.25,86.25,86.33,79.97,117.59M,-2.21%,0
2020-05-26,87.18,91.57,91.82,86.72,77.08M,-3.41%,0
2020-05-22,90.26,88.25,90.93,87.13,103.88M,2.86%,0
2020-05-21,87.75,90.52,90.52,87.38,76.11M,-2.17%,0
2020-05-20,89.70,89.91,90.43,88.89,58.75M,1.86%,0
2020-05-19,88.06,87.90,90.88,87.63,71.73M,0.64%,0
2020-05-18,87.50,87.61,89.17,86.81,77.64M,3.05%,0
2020-05-15,84.91,78.90,85.00,78.74,98.77M,5.73%,0
2020-05-14,80.31,78.42,80.36,76.88,60.23M,3.23%,0
2020-05-13,77.80,79.17,80.78,75.95,62.59M,-0.29%,0
2020-05-12,78.03,81.23,81.72,77.93,49.31M,-3.26%,0
2020-05-11,80.66,78.08,81.12,77.79,46.91M,3.25%,0
2020-05-08,78.12,76.94,78.19,76.60,33.99M,2.49%,0
2020-05-07,76.22,75.84,76.85,75.33,37.37M,2.38%,0
2020-05-06,74.45,74.23,75.50,73.85,32.35M,1.38%,0
2020-05-05,73.44,73.87,75.07,72.82,36.89M,0.85%,0
2020-05-04,72.82,70.22,72.96,70.22,31.76M,3.01%,0
2020-05-01,70.69,71.09,72.22,70.21,34.21M,-3.26%,0
2020-04-30,73.07,74.07,74.61,72.93,37.59M,-2.06%,0
2020-04-29,74.61,74.19,75.14,73.44,37.92M,2.43%,0
2020-04-28,72.84,75.75,76.05,72.78,44.29M,-1.93%,0
2020-04-27,74.27,73.75,75.88,73.50,47.94M,2.58%,0
2020-04-24,72.40,70.90,72.42,70.15,35.26M,1.97%,0
2020-04-23,71.00,71.96,73.28,70.75,42.42M,-0.75%,0
2020-04-22,71.54,69.31,71.97,68.85,48.47M,6.17%,0
2020-04-21,67.38,70.58,71.19,66.78,73.52M,-6.10%,0
2020-04-20,71.76,71.81,73.38,71.32,44.94M,-1.81%,0
2020-04-17,73.08,74.50,74.72,71.73,53.91M,-0.80%,0
2020-04-16,73.67,71.77,74.75,71.64,74.56M,4.93%,0
2020-04-15,70.21,69.30,71.04,68.84,36.61M,-1.10%,0
2020-04-14,70.99,68.75,71.33,68.47,53.09M,5.23%,0
2020-04-13,67.46,65.14,67.55,64.25,39.84M,2.62%,0
2020-04-09,65.74,68.00,68.23,65.11,52.62M,-1.50%,0
2020-04-08,66.74,65.85,66.99,65.15,54.24M,3.06%,0
2020-04-07,64.76,69.33,69.56,64.33,78.45M,-3.49%,0
2020-04-06,67.10,63.81,67.47,63.23,72.79M,10.04%,0
2020-04-03,60.98,63.49,63.91,59.60,66.32M,-4.52%,0
2020-04-02,63.87,61.06,64.00,60.58,67.58M,5.10%,0
2020-04-01,60.77,63.91,65.38,60.32,65.69M,-7.78%,0
2020-03-31,65.90,66.80,68.85,64.44,95.00M,-0.75%,0
2020-03-30,66.40,63.84,66.49,63.40,60.23M,5.10%,0
2020-03-27,63.18,62.50,65.78,62.17,63.88M,-1.76%,0
2020-03-26,64.31,63.48,65.56,62.50,69.76M,4.72%,0
2020-03-25,61.41,63.45,65.45,60.91,79.34M,-1.43%,0
2020-03-24,62.30,57.25,63.16,57.01,110.16M,17.17%,0
2020-03-23,53.17,51.43,54.12,49.63,64.39M,3.36%,0
2020-03-20,51.44,54.75,57.58,51.28,80.46M,-3.38%,0
2020-03-19,53.24,50.49,54.18,48.35,76.55M,5.01%,0
2020-03-18,50.70,50.02,52.48,45.17,87.43M,-6.66%,0
2020-03-17,54.32,50.23,55.22,47.75,83.36M,10.63%,0
2020-03-16,49.10,53.10,56.52,48.50,72.70M,-18.45%,0
2020-03-13,60.21,57.62,60.26,54.90,63.48M,11.34%,0
2020-03-12,54.08,56.37,59.03,53.95,81.65M,-12.24%,0
2020-03-11,61.62,63.86,64.15,60.64,50.21M,-5.59%,0
2020-03-10,65.27,64.14,65.27,61.50,58.06M,6.37%,0
2020-03-09,61.36,59.98,64.85,59.55,61.42M,-7.74%,0
2020-03-06,66.51,66.52,67.10,64.50,51.54M,-2.65%,0
2020-03-05,68.32,69.12,70.80,67.88,54.03M,-3.95%,0
2020-03-04,71.13,67.55,71.22,66.80,59.74M,7.01%,0
2020-03-03,66.47,69.67,70.27,65.62,65.28M,-3.82%,0
2020-03-02,69.11,69.22,69.40,65.25,89.07M,2.35%,0
2020-02-28,67.52,60.61,68.11,60.45,113.47M,6.92%,0
2020-02-27,63.15,63.73,66.75,62.22,90.64M,-5.62%,0
2020-02-26,66.91,65.52,68.86,65.50,74.97M,2.14%,0
2020-02-25,65.51,69.08,69.70,64.49,105.55M,-4.11%,0
2020-02-24,68.32,67.55,70.47,67.00,85.69M,-7.07%,0
2020-02-21,73.52,76.05,76.30,72.67,76.93M,-4.73%,0
2020-02-20,77.17,78.19,79.08,74.09,81.01M,-1.91%,0
2020-02-19,78.67,75.37,78.85,75.37,69.43M,6.11%,0
2020-02-18,74.14,71.41,74.33,71.22,62.19M,2.33%,0
2020-02-14,72.45,71.81,73.74,71.50,104.19M,7.03%,0
2020-02-13,67.69,67.55,68.37,67.28,52.80M,-0.66%,0.7003
2020-02-12,68.14,67.50,68.20,67.11,37.46M,1.75%,0
2020-02-11,66.97,66.83,68.12,66.21,63.86M,1.87%,0
2020-02-10,65.74,63.12,65.75,63.08,52.96M,4.52%,0
2020-02-07,62.90,63.16,63.38,62.64,18.98M,-1.04%,0
2020-02-06,63.56,63.03,63.56,62.22,21.83M,1.39%,0
2020-02-05,62.69,63.00,63.10,61.85,20.82M,1.47%,0
2020-02-04,61.78,61.51,61.98,61.01,27.15M,2.83%,-0.7096
2020-02-03,60.08,58.92,60.28,58.86,25.59M,1.64%,0
2020-01-31,59.11,60.99,61.11,58.69,37.04M,-3.81%,0
2020-01-30,61.45,60.40,61.59,59.85,29.05M,0.11%,0
2020-01-29,61.38,61.85,62.21,60.98,25.95M,-0.98%,0
2020-01-28,61.99,60.71,62.32,60.18,31.10M,3.23%,0
2020-01-27,60.05,59.56,60.56,58.06,47.05M,-4.10%,0
2020-01-24,62.62,64.38,64.88,62.08,37.35M,-0.95%,0
2020-01-23,63.22,62.93,63.30,62.04,24.45M,1.14%,0
2020-01-22,62.51,62.44,63.40,62.25,23.92M,0.86%,0
2020-01-21,61.98,61.95,62.32,61.64,21.79M,-0.55%,0
2020-01-17,62.32,62.42,62.50,61.84,25.38M,0.14%,0
2020-01-16,62.23,61.93,62.29,61.69,28.42M,1.37%,0
2020-01-15,61.39,61.95,62.17,61.13,26.31M,-0.70%,0
2020-01-14,61.82,62.56,62.82,61.69,35.96M,-1.86%,0
2020-01-13,62.99,61.91,63.25,61.69,32.03M,3.13%,0
2020-01-10,61.08,61.83,62.14,60.94,31.65M,0.53%,0
2020-01-09,60.76,60.96,61.48,60.21,25.54M,1.11%,0
2020-01-08,60.09,59.94,60.51,59.54,27.72M,0.18%,0
2020-01-07,59.98,59.55,60.44,59.10,31.92M,1.20%,0
2020-01-06,59.27,58.08,59.32,57.82,26.29M,0.42%,0
2020-01-03,59.02,58.77,59.46,58.52,20.58M,-1.60%,0
2020-01-02,59.98,59.69,59.98,59.18,23.77M,1.95%,0
2019-12-31,58.83,57.73,58.92,57.53,23.12M,1.29%,0
2019-12-30,58.08,59.00,59.05,57.77,25.82M,-1.93%,0
2019-12-27,59.22,59.95,60.09,58.95,25.48M,-0.97%,0
2019-12-26,59.80,59.69,60.08,59.50,18.32M,0.23%,0
2019-12-24,59.66,59.55,59.83,59.20,13.89M,-0.07%,0
2019-12-23,59.70,60.13,60.45,59.60,35.54M,-0.23%,0
2019-12-20,59.84,59.53,60.10,59.34,60.34M,1.65%,0
2019-12-19,58.87,57.73,59.00,57.67,45.31M,2.60%,0
2019-12-18,57.38,57.42,57.98,57.34,34.43M,0.54%,0
2019-12-17,57.07,56.48,57.30,56.38,32.33M,1.39%,0
2019-12-16,56.29,56.48,57.02,56.19,32.13M,0.52%,0
2019-12-13,56.00,56.05,57.24,55.45,45.50M,-0.04%,0
2019-12-12,56.02,54.05,56.20,53.95,40.61M,3.09%,0
2019-12-11,54.34,53.60,54.39,53.58,23.40M,1.59%,0
2019-12-10,53.49,53.34,54.02,52.81,25.67M,0.85%,0
2019-12-09,53.04,52.81,53.59,52.73,21.51M,0.00%,0
2019-12-06,53.04,52.88,53.37,52.78,23.24M,1.63%,0
2019-12-05,52.19,52.58,52.73,51.88,18.51M,-0.31%,0
2019-12-04,52.35,52.76,52.98,52.07,27.36M,0.85%,0
2019-12-03,51.91,50.47,51.95,50.09,47.41M,-0.76%,0
2019-12-02,52.31,54.12,54.25,52.16,37.39M,-3.47%,0
2019-11-29,54.19,54.25,54.53,53.95,14.16M,-0.68%,0
2019-11-27,54.56,54.67,55.01,54.30,21.64M,0.57%,0
2019-11-26,54.25,55.12,55.17,54.19,38.57M,-1.90%,0
2019-11-25,55.30,54.01,55.35,53.88,50.73M,4.89%,0
2019-11-22,52.72,52.77,53.24,52.48,22.41M,0.32%,0
2019-11-21,52.55,52.75,53.31,52.33,28.84M,-0.47%,0
2019-11-20,52.80,51.77,53.64,51.64,47.30M,1.54%,0
2019-11-19,52.00,52.76,52.99,51.41,41.54M,-2.02%,0
2019-11-18,53.07,50.97,53.34,50.94,57.53M,3.96%,0
2019-11-15,51.05,52.42,52.94,50.16,105.42M,-2.67%,0
2019-11-14,52.45,52.23,52.47,51.63,52.70M,0.59%,0
2019-11-13,52.14,52.09,52.37,51.48,30.24M,-0.50%,0
2019-11-12,52.40,52.43,52.97,52.08,28.38M,0.67%,0
2019-11-11,52.05,51.94,52.28,51.07,24.38M,0.19%,0
2019-11-08,51.95,51.91,52.26,51.54,18.94M,-0.27%,0
2019-11-07,52.09,52.78,52.92,51.63,28.03M,0.35%,0
2019-11-06,51.91,52.16,52.42,51.03,26.90M,-0.94%,0
2019-11-05,52.40,52.62,52.88,51.92,30.09M,-0.42%,0
2019-11-04,52.62,51.46,52.75,51.23,37.67M,3.89%,0
2019-11-01,50.65,49.90,50.97,49.65,28.36M,0.78%,0
2019-10-31,50.26,50.54,50.75,49.45,20.97M,-0.97%,0
2019-10-30,50.75,51.00,51.06,50.06,20.60M,0.04%,0
2019-10-29,50.73,51.56,51.62,50.53,21.12M,-1.88%,0
2019-10-28,51.70,51.58,52.23,51.28,33.08M,1.11%,0
2019-10-25,51.13,50.02,51.35,49.95,42.31M,3.88%,0
2019-10-24,49.22,49.19,49.55,48.84,23.90M,0.92%,0
2019-10-23,48.77,48.08,48.91,47.76,28.58M,-0.27%,0
2019-10-22,48.90,49.58,50.63,48.83,33.74M,-0.20%,0
2019-10-21,49.00,48.24,49.14,48.05,26.70M,2.90%,0
2019-10-18,47.62,48.58,48.91,46.88,30.76M,-1.96%,0
2019-10-17,48.57,49.00,49.45,48.02,26.43M,0.04%,0
2019-10-16,48.55,48.75,49.80,48.44,43.28M,-1.10%,0
2019-10-15,49.09,47.54,49.82,47.40,66.80M,5.28%,0
2019-10-14,46.63,46.41,46.84,46.10,21.03M,0.28%,0
2019-10-11,46.50,46.60,47.34,46.41,45.09M,1.62%,0
2019-10-10,45.76,45.16,46.27,45.10,32.75M,1.28%,0
2019-10-09,45.18,45.08,45.67,44.79,30.79M,1.96%,0
2019-10-08,44.31,45.16,45.16,44.12,44.93M,-3.84%,0
2019-10-07,46.08,46.15,47.09,46.06,48.83M,1.30%,0
2019-10-04,45.49,45.35,45.79,44.70,26.80M,0.35%,0
2019-10-03,45.33,43.30,45.39,43.00,46.27M,4.79%,0
2019-10-02,43.26,43.28,43.40,42.53,29.57M,-0.55%,0
2019-10-01,43.50,43.75,45.25,43.45,36.76M,-0.05%,0
2019-09-30,43.52,43.20,43.62,42.89,19.32M,1.35%,0
2019-09-27,42.94,43.91,44.42,42.33,36.60M,-3.16%,0
2019-09-26,44.34,44.46,44.55,43.82,23.78M,-0.49%,0
2019-09-25,44.56,43.13,44.76,42.68,31.31M,3.32%,0
2019-09-24,43.13,44.02,44.32,42.77,32.12M,-1.33%,0
2019-09-23,43.71,43.17,44.17,43.14,25.58M,1.25%,0
2019-09-20,43.17,44.23,44.46,43.07,35.73M,-2.40%,0
2019-09-19,44.23,45.05,45.24,44.13,25.63M,-1.69%,0
2019-09-18,44.99,45.20,45.35,44.12,26.40M,-0.62%,0
2019-09-17,45.27,45.12,45.31,44.65,22.85M,0.49%,0
2019-09-16,45.05,44.73,45.40,44.62,23.18M,-0.95%,0
2019-09-13,45.48,45.40,45.77,45.05,32.46M,-1.28%,0
2019-09-12,46.07,46.55,47.10,45.99,32.78M,-0.02%,0
2019-09-11,46.08,45.94,46.57,45.65,36.15M,0.61%,0
2019-09-10,45.80,44.80,46.06,44.70,35.28M,1.51%,0
2019-09-09,45.12,44.98,45.99,44.96,41.75M,1.03%,0
2019-09-06,44.66,44.70,45.27,44.28,37.70M,-0.62%,0
2019-09-05,44.94,43.22,45.00,43.20,69.65M,6.52%,0
2019-09-04,42.19,41.65,42.27,41.65,22.81M,2.80%,0
2019-09-03,41.04,41.15,41.48,40.81,29.65M,-2.01%,0
2019-08-30,41.88,42.22,42.72,41.70,29.09M,0.31%,0
2019-08-29,41.75,41.23,42.08,41.19,35.84M,3.60%,0
2019-08-28,40.30,40.15,40.84,39.75,25.58M,-0.37%,0
2019-08-27,40.45,41.75,41.77,40.16,29.15M,-2.20%,0
2019-08-26,41.36,41.40,41.65,40.98,31.86M,1.85%,0
2019-08-23,40.61,42.10,42.65,40.41,56.95M,-5.27%,0
2019-08-22,42.87,42.91,43.33,42.48,30.38M,0.14%,0
2019-08-21,42.81,42.63,43.36,42.41,42.79M,2.00%,0
2019-08-20,41.97,42.64,42.65,41.76,46.35M,-1.71%,0
2019-08-19,42.70,41.03,42.85,40.87,81.63M,7.04%,0
2019-08-16,39.89,39.84,40.38,39.22,101.54M,7.26%,0
2019-08-15,37.19,37.71,37.91,36.85,55.45M,-0.88%,0.6124
2019-08-14,37.52,38.13,38.24,37.08,41.99M,-3.82%,0
2019-08-13,39.01,37.85,39.48,37.46,36.05M,3.04%,0
2019-08-12,37.86,38.02,38.55,37.64,27.92M,-1.79%,0
2019-08-09,38.55,39.15,39.19,38.04,34.18M,-2.55%,0
2019-08-08,39.56,39.05,39.58,38.48,30.93M,2.83%,0
2019-08-07,38.47,37.48,38.59,37.30,37.26M,1.00%,0
2019-08-06,38.09,38.45,38.91,37.61,36.13M,1.03%,0
2019-08-05,37.70,38.45,38.46,37.23,58.92M,-6.45%,0
2019-08-02,40.30,40.30,40.99,39.82,42.83M,-2.26%,0
2019-08-01,41.23,42.28,43.20,40.71,42.12M,-2.25%,0
2019-07-31,42.18,43.55,43.55,41.76,35.94M,-3.83%,0
2019-07-30,43.86,43.24,43.98,43.09,19.78M,0.37%,0
2019-07-29,43.70,43.70,43.87,42.82,24.82M,-0.16%,0
2019-07-26,43.77,43.62,44.24,43.62,27.42M,0.99%,0
2019-07-25,43.34,44.25,44.38,43.11,39.27M,-2.96%,0
2019-07-24,44.66,44.35,44.72,43.59,36.62M,1.71%,0
2019-07-23,43.91,43.23,43.94,43.07,42.82M,2.52%,0
2019-07-22,42.83,42.33,42.96,42.25,31.59M,1.71%,0
2019-07-19,42.11,42.93,42.99,42.05,34.49M,-1.03%,0
2019-07-18,42.55,42.53,43.18,41.96,44.32M,0.28%,0
2019-07-17,42.43,41.79,42.50,41.49,34.82M,1.58%,0
2019-07-16,41.77,41.67,42.04,41.21,34.14M,-0.12%,0
2019-07-15,41.82,42.12,42.28,41.53,28.98M,-0.19%,0
2019-07-12,41.90,41.85,42.62,41.85,50.64M,0.79%,0
2019-07-11,41.57,40.75,41.98,40.38,68.26M,3.87%,0
2019-07-10,40.02,39.77,40.59,39.62,45.21M,1.75%,0
2019-07-09,39.33,38.88,39.61,38.75,34.29M,0.08%,0
2019-07-08,39.30,39.46,39.65,39.00,32.98M,-1.90%,0
2019-07-05,40.06,40.10,40.15,39.42,39.66M,-1.55%,0
2019-07-03,40.69,40.79,40.85,40.09,24.66M,0.32%,0
2019-07-02,40.56,41.38,41.59,40.42,40.02M,-2.36%,0
2019-07-01,41.54,43.14,43.49,41.16,71.15M,1.17%,0
2019-06-28,41.06,41.25,41.34,40.59,39.77M,0.61%,0
2019-06-27,40.81,40.68,41.00,40.31,44.54M,2.51%,0
2019-06-26,39.81,39.15,40.43,39.02,58.41M,5.12%,0
2019-06-25,37.87,38.22,38.97,37.84,31.19M,-0.76%,0
2019-06-24,38.16,38.16,38.46,37.68,28.29M,0.58%,0
2019-06-21,37.94,38.38,38.87,37.88,43.44M,-1.51%,0
2019-06-20,38.52,39.19,39.33,38.38,35.02M,0.63%,0
2019-06-19,38.28,38.58,38.69,38.02,33.16M,0.16%,0
2019-06-18,38.22,36.88,38.78,36.77,58.19M,5.41%,0
2019-06-17,36.26,36.14,36.63,35.91,27.60M,0.28%,0
2019-06-14,36.16,36.13,36.37,35.71,39.44M,-2.43%,0
2019-06-13,37.06,36.77,37.25,36.59,30.81M,1.40%,0
2019-06-12,36.55,37.25,37.31,36.40,35.89M,-3.02%,0
2019-06-11,37.69,37.71,38.09,37.29,38.39M,1.56%,0
2019-06-10,37.11,36.94,37.80,36.94,40.28M,2.01%,0
2019-06-07,36.38,36.01,36.72,35.81,34.89M,1.20%,0
2019-06-06,35.95,35.36,36.19,35.34,40.81M,1.78%,0
2019-06-05,35.32,36.49,36.55,34.95,51.16M,-1.20%,0
2019-06-04,35.75,34.09,35.80,33.87,64.18M,6.88%,0
2019-06-03,33.45,33.98,34.37,33.15,47.86M,-1.24%,0
2019-05-31,33.87,34.28,34.61,33.85,38.97M,-2.62%,0
2019-05-30,34.78,35.08,35.44,34.39,39.43M,-0.88%,0
2019-05-29,35.09,35.35,35.70,34.73,55.98M,-2.07%,0
2019-05-28,35.83,36.47,36.80,35.81,42.84M,-1.27%,0
2019-05-24,36.29,37.02,37.38,36.22,35.76M,-1.47%,0
2019-05-23,36.83,37.42,37.42,36.23,59.18M,-3.21%,0
2019-05-22,38.05,38.38,38.64,37.94,32.59M,-1.86%,0
2019-05-21,38.77,38.55,38.92,38.16,36.18M,2.19%,0
2019-05-20,37.94,38.14,38.69,37.69,57.21M,-3.04%,0
2019-05-17,39.13,39.62,40.93,38.73,102.21M,-2.30%,0.2666
2019-05-16,40.05,39.84,40.48,39.41,78.11M,0.38%,0
2019-05-15,39.90,39.95,40.26,39.35,50.23M,-1.51%,0
2019-05-14,40.51,40.01,40.87,39.62,52.49M,2.27%,0
2019-05-13,39.61,40.88,41.11,39.45,65.69M,-6.14%,0
2019-05-10,42.20,42.24,42.90,41.00,56.95M,-0.82%,0
2019-05-09,42.55,42.78,42.88,41.35,66.02M,-2.14%,0
2019-05-08,43.48,43.00,44.29,42.88,41.92M,0.46%,0
2019-05-07,43.28,44.48,44.48,42.79,55.52M,-3.74%,0
2019-05-06,44.96,43.88,45.09,43.50,42.22M,-1.73%,0
2019-05-03,45.75,45.88,45.98,45.13,33.68M,-0.11%,0
2019-05-02,45.80,45.22,46.22,44.78,39.47M,1.51%,0
2019-05-01,45.12,45.78,46.20,45.12,35.43M,-0.29%,0
